,Aberystwyth University,Anglia Ruskin University,Aston University,Bangor University,Bath Spa University,Birmingham City University,Bournemouth University,Brunel University,Cardiff Metropolitan University,Cardiff University,City University Of London,Coventry University,De Montfort University,Durham University,Edge Hill University,FXU (Falmouth & Exeter Student's Union),Glasgow Caledonian University,Heriot Watt University,Imperial College London,Keele University,Kings College London,Kingston University,Lancaster University,Leeds Beckett University,Leeds Conservatoire,Leeds Trinity University,Liverpool John Moores University,London South Bank University,Loughborough University,Manchester Metropolitan University,Middlesex University,Newcastle University,Northumbria University,Nottingham Trent University,Oxford Brookes University,Oxford University,Queen Margaret University,Queen Mary University Of London,Queens University Belfast,Roehampton University,Royal Holloway University Of London,School Of Oriental And African Studies,Sheffield Hallam University,Southampton Solent University,Staffordshire University,Swansea University,Teesside University,Ulster University,University College London,University Of Abertay Dundee,University Of Bath,University Of Bedfordshire,University Of Birmingham,University Of Brighton,University Of Bristol,University Of Cambridge,University Of Chichester,University Of Derby,University Of Dundee,University of East Anglia,University Of Edinburgh,University Of Essex,University Of Exeter,University Of Glasgow,University Of Gloucestershire,University of Greenwich,University Of Hertfordshire,University Of Huddersfield,University Of Hull,University Of Kent,University Of Leeds,University Of Leicester,University Of Lincoln,University Of Liverpool,University Of Manchester,University Of Northampton,University Of Nottingham,University Of Plymouth,University Of Portsmouth,University Of Reading,University Of Salford,University Of Sheffield,University Of Southampton,University Of St Andrews,University Of Stirling,University Of Strathclyde,University Of Suffolk,University Of Sunderland,University Of Surrey,University Of Sussex,University Of The Arts London,University Of The West Of England,University Of Warwick,University Of West London,University Of Westminster,University Of Winchester,University Of York,York St John University
0,0.0,0.0,0.0,0.0,0.0,0.0,0.0,0.0,0.0,0.0,0.0,0.0,0.0,0.0,0.0,0.0,0.0,0.0,0.0,0.0,0.0,0.0,0.0,0.0,0.0,0.0,0.0,0.0,0.0,0.0,0.0,0.0,0.0,0.0,0.0,0.0,0.0,0.0,0.0,0.0,0.0,0,0.0,0,0.0,0.0,0.0,0.0,0.0,0.0,0.0,0.0,0.0,0.0,0.0,0.0,0.0,0.0,0.0,0.0,0.0,0.0,0.0,0.0,0.0,0,0.0,0.0,0.0,0.0,0.0,0.0,0.0,0.0,0.0,0.0,0.0,0.0,0.0,0.0,0.0,0.0,0.0,0.0,0.0,0.0,0.0,0.0,0.0,0.0,0.0,0.0,0.0,0.0,0.0,0.0,0.0,0.0
1,0.0,1.0,0.0,0.0,0.0,0.0,1.0,0.0,0.0,2.0,0.0,0.0,0.0,0.0,0.0,0.0,0.0,1.0,1.0,1.0,1.0,0.0,0.0,0.0,0.0,0.0,0.0,0.0,0.0,0.0,0.0,1.0,0.0,1.0,0.0,0.0,0.0,0.0,0.0,0.0,0.0,0,1.0,0,0.0,1.0,0.0,0.0,1.0,1.0,0.0,1.0,0.0,0.0,0.0,0.0,0.0,0.0,0.0,1.0,0.0,0.0,1.0,0.0,0.0,0,0.0,1.0,0.0,1.0,0.0,0.0,1.0,0.0,0.0,0.0,0.0,0.0,1.0,0.0,0.0,0.0,1.0,0.0,1.0,0.0,0.0,0.0,1.0,1.0,0.0,0.0,1.0,0.0,0.0,0.0,1.0,0.0
2,0.0,1.0,0.0,0.0,0.0,0.0,1.0,0.0,0.0,4.0,0.0,0.0,0.0,0.0,0.0,0.0,0.0,3.0,5.0,3.0,1.0,0.0,0.0,0.0,0.0,2.0,0.0,0.0,2.0,2.0,2.0,1.0,0.0,3.0,0.0,0.0,2.0,2.0,0.0,0.0,0.0,0,1.0,0,0.0,3.0,0.0,0.0,1.0,1.0,2.0,1.0,0.0,0.0,0.0,0.0,2.0,0.0,0.0,1.0,0.0,0.0,3.0,0.0,0.0,0,0.0,1.0,0.0,1.0,0.0,0.0,3.0,2.0,2.0,2.0,2.0,0.0,1.0,0.0,0.0,2.0,1.0,0.0,3.0,0.0,0.0,0.0,3.0,3.0,0.0,2.0,1.0,0.0,0.0,0.0,1.0,0.0
3,0.0,4.0,0.0,0.0,0.0,0.0,1.0,0.0,0.0,7.0,0.0,3.0,0.0,3.0,0.0,0.0,0.0,3.0,10.0,6.0,1.0,0.0,0.0,0.0,0.0,2.0,0.0,0.0,2.0,5.0,2.0,1.0,0.0,4.0,0.0,0.0,5.0,2.0,3.0,0.0,0.0,0,4.0,0,0.0,3.0,0.0,0.0,4.0,4.0,5.0,1.0,3.0,0.0,0.0,3.0,2.0,0.0,0.0,1.0,0.0,3.0,6.0,0.0,0.0,0,0.0,1.0,0.0,4.0,0.0,0.0,3.0,4.0,5.0,5.0,5.0,0.0,4.0,0.0,0.0,5.0,4.0,0.0,3.0,0.0,0.0,0.0,6.0,6.0,0.0,2.0,4.0,0.0,0.0,0.0,1.0,0.0
4,0.0,8.0,0.0,0.0,0.0,0.0,1.0,4.0,0.0,11.0,0.0,7.0,4.0,7.0,0.0,0.0,0.0,3.0,12.0,10.0,1.0,0.0,4.0,0.0,0.0,2.0,4.0,0.0,2.0,5.0,2.0,1.0,0.0,8.0,0.0,0.0,5.0,2.0,7.0,0.0,0.0,0,4.0,0,4.0,3.0,0.0,0.0,4.0,4.0,5.0,1.0,3.0,0.0,4.0,7.0,2.0,0.0,4.0,5.0,0.0,3.0,7.0,0.0,0.0,0,0.0,1.0,0.0,8.0,4.0,0.0,11.0,4.0,8.0,9.0,9.0,4.0,7.0,4.0,0.0,5.0,4.0,0.0,3.0,0.0,0.0,4.0,6.0,6.0,0.0,6.0,4.0,0.0,0.0,0.0,1.0,0.0
5,5.0,8.0,5.0,5.0,0.0,5.0,1.0,9.0,0.0,12.0,5.0,11.0,4.0,7.0,0.0,0.0,0.0,3.0,12.0,10.0,1.0,0.0,9.0,0.0,0.0,2.0,4.0,0.0,2.0,5.0,7.0,1.0,0.0,13.0,5.0,0.0,5.0,2.0,7.0,0.0,5.0,0,4.0,0,9.0,8.0,0.0,0.0,4.0,9.0,5.0,1.0,3.0,0.0,9.0,11.0,2.0,0.0,4.0,5.0,0.0,3.0,12.0,0.0,0.0,0,5.0,1.0,0.0,12.0,4.0,5.0,15.0,4.0,13.0,9.0,14.0,4.0,7.0,4.0,0.0,10.0,4.0,0.0,3.0,0.0,0.0,8.0,11.0,6.0,0.0,11.0,14.0,0.0,0.0,0.0,6.0,0.0
6,11.0,8.0,11.0,10.0,0.0,5.0,1.0,15.0,0.0,12.0,5.0,11.0,4.0,13.0,0.0,0.0,0.0,9.0,12.0,10.0,7.0,0.0,9.0,0.0,0.0,2.0,4.0,0.0,8.0,11.0,7.0,7.0,6.0,13.0,5.0,6.0,5.0,2.0,7.0,0.0,5.0,0,4.0,0,15.0,14.0,0.0,0.0,4.0,15.0,11.0,1.0,9.0,0.0,9.0,11.0,8.0,0.0,4.0,5.0,0.0,9.0,18.0,0.0,0.0,0,5.0,1.0,0.0,18.0,10.0,11.0,15.0,4.0,13.0,9.0,20.0,4.0,13.0,4.0,0.0,15.0,10.0,6.0,3.0,0.0,0.0,8.0,11.0,6.0,0.0,17.0,19.0,0.0,6.0,0.0,11.0,6.0
7,11.0,8.0,16.0,10.0,0.0,12.0,1.0,15.0,0.0,19.0,5.0,11.0,4.0,19.0,0.0,0.0,0.0,9.0,12.0,10.0,7.0,0.0,16.0,0.0,0.0,2.0,4.0,0.0,15.0,11.0,14.0,7.0,6.0,20.0,5.0,6.0,5.0,9.0,7.0,0.0,5.0,0,4.0,0,15.0,19.0,7.0,0.0,4.0,20.0,11.0,1.0,15.0,0.0,9.0,11.0,8.0,0.0,4.0,5.0,0.0,9.0,25.0,7.0,0.0,0,5.0,1.0,0.0,25.0,10.0,11.0,15.0,4.0,13.0,9.0,20.0,11.0,20.0,4.0,0.0,15.0,10.0,6.0,3.0,7.0,0.0,8.0,11.0,6.0,0.0,22.0,24.0,0.0,6.0,0.0,18.0,6.0
8,19.0,8.0,16.0,10.0,0.0,12.0,9.0,23.0,0.0,27.0,5.0,11.0,4.0,19.0,8.0,0.0,0.0,9.0,12.0,10.0,7.0,0.0,16.0,0.0,0.0,2.0,4.0,8.0,22.0,11.0,14.0,15.0,6.0,27.0,5.0,6.0,5.0,9.0,7.0,0.0,5.0,0,4.0,0,15.0,19.0,7.0,0.0,4.0,20.0,11.0,1.0,15.0,0.0,9.0,11.0,8.0,8.0,4.0,5.0,0.0,9.0,32.0,15.0,0.0,0,5.0,1.0,0.0,31.0,10.0,11.0,15.0,4.0,13.0,9.0,28.0,11.0,28.0,4.0,0.0,15.0,10.0,6.0,3.0,7.0,0.0,8.0,11.0,14.0,0.0,22.0,32.0,0.0,6.0,0.0,26.0,6.0
9,19.0,8.0,16.0,10.0,0.0,12.0,9.0,23.0,0.0,36.0,5.0,11.0,13.0,28.0,8.0,0.0,0.0,9.0,12.0,10.0,7.0,0.0,16.0,0.0,0.0,2.0,4.0,8.0,22.0,11.0,14.0,23.0,6.0,27.0,5.0,6.0,5.0,18.0,16.0,0.0,5.0,0,4.0,0,24.0,28.0,7.0,0.0,4.0,20.0,11.0,1.0,15.0,0.0,9.0,11.0,8.0,8.0,4.0,5.0,0.0,9.0,32.0,15.0,0.0,0,5.0,1.0,0.0,31.0,10.0,11.0,15.0,4.0,22.0,9.0,37.0,20.0,28.0,4.0,9.0,15.0,10.0,6.0,3.0,7.0,0.0,8.0,11.0,14.0,0.0,22.0,41.0,9.0,6.0,0.0,35.0,6.0
10,19.0,8.0,16.0,20.0,0.0,12.0,9.0,23.0,0.0,36.0,5.0,11.0,13.0,28.0,8.0,0.0,0.0,9.0,12.0,10.0,7.0,0.0,16.0,0.0,0.0,2.0,4.0,8.0,32.0,11.0,14.0,23.0,6.0,27.0,5.0,16.0,5.0,18.0,16.0,0.0,5.0,0,4.0,0,34.0,38.0,7.0,0.0,4.0,20.0,11.0,1.0,15.0,0.0,19.0,11.0,8.0,8.0,4.0,15.0,0.0,9.0,32.0,15.0,0.0,0,5.0,1.0,0.0,31.0,20.0,21.0,25.0,14.0,32.0,9.0,46.0,29.0,38.0,4.0,9.0,15.0,20.0,6.0,3.0,7.0,0.0,8.0,11.0,24.0,0.0,22.0,51.0,9.0,6.0,10.0,43.0,6.0
11,19.0,8.0,16.0,31.0,11.0,12.0,9.0,23.0,0.0,47.0,5.0,22.0,13.0,28.0,8.0,0.0,0.0,9.0,12.0,10.0,18.0,0.0,16.0,0.0,0.0,2.0,4.0,8.0,32.0,22.0,14.0,23.0,6.0,38.0,5.0,16.0,5.0,18.0,16.0,0.0,16.0,0,4.0,0,34.0,38.0,7.0,0.0,4.0,20.0,11.0,1.0,15.0,11.0,19.0,22.0,8.0,8.0,4.0,15.0,0.0,9.0,32.0,15.0,0.0,0,5.0,1.0,0.0,42.0,31.0,32.0,25.0,14.0,43.0,20.0,57.0,29.0,38.0,4.0,9.0,15.0,31.0,6.0,3.0,7.0,0.0,8.0,11.0,35.0,0.0,22.0,60.0,9.0,6.0,10.0,43.0,6.0
12,19.0,8.0,16.0,31.0,11.0,12.0,9.0,23.0,0.0,47.0,5.0,22.0,25.0,28.0,8.0,0.0,0.0,9.0,12.0,10.0,29.0,12.0,16.0,0.0,0.0,2.0,16.0,8.0,32.0,22.0,14.0,23.0,18.0,38.0,5.0,16.0,5.0,18.0,28.0,0.0,16.0,0,4.0,0,34.0,38.0,7.0,0.0,4.0,20.0,11.0,1.0,15.0,11.0,31.0,22.0,20.0,8.0,4.0,15.0,0.0,9.0,44.0,15.0,0.0,0,17.0,1.0,0.0,54.0,31.0,32.0,25.0,14.0,53.0,32.0,57.0,41.0,38.0,16.0,9.0,27.0,31.0,18.0,3.0,7.0,0.0,8.0,11.0,45.0,0.0,22.0,72.0,9.0,6.0,10.0,55.0,6.0
13,19.0,8.0,29.0,31.0,11.0,25.0,9.0,23.0,0.0,47.0,5.0,22.0,25.0,28.0,8.0,0.0,0.0,9.0,12.0,10.0,29.0,12.0,16.0,0.0,0.0,2.0,16.0,8.0,45.0,35.0,14.0,36.0,18.0,51.0,5.0,16.0,5.0,18.0,28.0,13.0,29.0,0,4.0,0,34.0,51.0,7.0,0.0,4.0,20.0,11.0,1.0,28.0,11.0,31.0,35.0,20.0,8.0,4.0,15.0,0.0,9.0,44.0,28.0,0.0,0,30.0,1.0,0.0,54.0,44.0,32.0,38.0,14.0,53.0,32.0,57.0,41.0,38.0,16.0,9.0,27.0,31.0,18.0,3.0,7.0,0.0,8.0,11.0,45.0,0.0,35.0,85.0,22.0,6.0,10.0,55.0,6.0
14,19.0,8.0,29.0,45.0,11.0,25.0,9.0,37.0,0.0,61.0,5.0,22.0,25.0,28.0,8.0,14.0,0.0,9.0,12.0,10.0,43.0,12.0,16.0,0.0,0.0,2.0,16.0,8.0,59.0,35.0,14.0,36.0,18.0,65.0,5.0,16.0,5.0,32.0,28.0,27.0,29.0,0,4.0,0,34.0,51.0,7.0,0.0,4.0,20.0,25.0,1.0,42.0,11.0,31.0,35.0,20.0,8.0,4.0,15.0,0.0,9.0,44.0,28.0,0.0,0,30.0,1.0,0.0,54.0,44.0,46.0,51.0,14.0,53.0,32.0,57.0,41.0,38.0,16.0,9.0,27.0,31.0,32.0,3.0,7.0,0.0,8.0,11.0,45.0,0.0,35.0,99.0,36.0,6.0,10.0,55.0,6.0
15,19.0,8.0,44.0,59.0,11.0,40.0,9.0,52.0,0.0,61.0,5.0,37.0,25.0,43.0,8.0,14.0,0.0,9.0,12.0,10.0,58.0,12.0,16.0,0.0,0.0,2.0,16.0,8.0,74.0,35.0,14.0,51.0,18.0,65.0,5.0,16.0,5.0,32.0,28.0,27.0,29.0,0,4.0,0,49.0,51.0,7.0,0.0,4.0,20.0,40.0,1.0,42.0,11.0,46.0,35.0,20.0,23.0,4.0,30.0,0.0,9.0,44.0,28.0,0.0,0,30.0,1.0,0.0,54.0,44.0,46.0,51.0,14.0,53.0,32.0,57.0,41.0,38.0,31.0,9.0,27.0,31.0,32.0,3.0,7.0,0.0,8.0,26.0,45.0,0.0,35.0,114.0,50.0,6.0,10.0,55.0,6.0
16,19.0,8.0,44.0,59.0,11.0,40.0,9.0,52.0,0.0,77.0,5.0,37.0,25.0,59.0,8.0,14.0,0.0,25.0,28.0,10.0,58.0,12.0,32.0,0.0,0.0,2.0,16.0,8.0,88.0,35.0,14.0,66.0,18.0,65.0,21.0,16.0,5.0,32.0,44.0,27.0,29.0,0,4.0,0,49.0,51.0,7.0,0.0,20.0,20.0,40.0,1.0,42.0,11.0,46.0,51.0,20.0,38.0,4.0,46.0,0.0,25.0,60.0,28.0,0.0,0,30.0,1.0,0.0,70.0,44.0,46.0,51.0,14.0,69.0,32.0,57.0,41.0,38.0,47.0,9.0,43.0,31.0,32.0,3.0,7.0,0.0,8.0,42.0,45.0,0.0,35.0,126.0,50.0,6.0,10.0,55.0,22.0
17,36.0,8.0,44.0,59.0,11.0,40.0,26.0,52.0,0.0,77.0,5.0,37.0,25.0,59.0,8.0,14.0,0.0,25.0,28.0,10.0,75.0,12.0,49.0,0.0,0.0,2.0,16.0,8.0,88.0,35.0,14.0,66.0,18.0,65.0,21.0,16.0,5.0,32.0,60.0,44.0,46.0,0,21.0,0,49.0,68.0,7.0,0.0,20.0,20.0,40.0,1.0,59.0,11.0,63.0,51.0,20.0,38.0,4.0,61.0,0.0,42.0,60.0,28.0,0.0,0,30.0,1.0,0.0,87.0,44.0,63.0,51.0,14.0,86.0,32.0,57.0,41.0,38.0,47.0,9.0,60.0,48.0,49.0,20.0,7.0,0.0,8.0,59.0,45.0,0.0,35.0,126.0,50.0,6.0,10.0,55.0,22.0
18,36.0,8.0,44.0,59.0,11.0,40.0,26.0,70.0,0.0,77.0,5.0,55.0,25.0,77.0,8.0,14.0,0.0,25.0,28.0,28.0,75.0,12.0,49.0,0.0,0.0,2.0,16.0,8.0,88.0,35.0,14.0,66.0,18.0,65.0,39.0,16.0,5.0,32.0,78.0,62.0,46.0,0,21.0,0,67.0,68.0,7.0,0.0,20.0,20.0,40.0,1.0,59.0,11.0,80.0,51.0,20.0,38.0,4.0,61.0,0.0,60.0,60.0,46.0,0.0,0,30.0,1.0,0.0,87.0,44.0,63.0,51.0,32.0,86.0,32.0,57.0,41.0,38.0,47.0,9.0,60.0,48.0,49.0,20.0,7.0,0.0,8.0,76.0,63.0,0.0,35.0,126.0,50.0,6.0,10.0,73.0,22.0
19,36.0,8.0,63.0,59.0,11.0,40.0,26.0,70.0,0.0,77.0,24.0,55.0,25.0,96.0,27.0,33.0,19.0,25.0,28.0,28.0,75.0,12.0,49.0,0.0,0.0,2.0,16.0,8.0,107.0,35.0,33.0,85.0,18.0,65.0,39.0,16.0,5.0,51.0,78.0,81.0,65.0,0,21.0,0,67.0,68.0,7.0,19.0,39.0,39.0,40.0,1.0,59.0,11.0,99.0,51.0,20.0,38.0,4.0,80.0,0.0,60.0,79.0,46.0,0.0,0,30.0,1.0,19.0,87.0,63.0,63.0,51.0,32.0,86.0,32.0,57.0,41.0,57.0,66.0,9.0,60.0,48.0,49.0,20.0,7.0,0.0,8.0,76.0,63.0,0.0,54.0,145.0,50.0,44.0,10.0,73.0,22.0
20,36.0,8.0,63.0,59.0,11.0,40.0,26.0,70.0,0.0,77.0,24.0,55.0,25.0,96.0,47.0,33.0,39.0,45.0,28.0,28.0,75.0,12.0,69.0,0.0,0.0,2.0,16.0,8.0,107.0,35.0,33.0,85.0,18.0,65.0,39.0,36.0,5.0,51.0,78.0,81.0,65.0,0,21.0,0,67.0,88.0,7.0,19.0,39.0,59.0,40.0,1.0,79.0,11.0,119.0,71.0,20.0,38.0,4.0,80.0,0.0,60.0,79.0,66.0,0.0,0,30.0,1.0,39.0,87.0,63.0,83.0,51.0,32.0,86.0,32.0,77.0,41.0,76.0,66.0,9.0,60.0,68.0,49.0,20.0,7.0,0.0,8.0,76.0,63.0,0.0,54.0,165.0,50.0,63.0,10.0,73.0,22.0
21,36.0,8.0,63.0,80.0,11.0,40.0,26.0,70.0,0.0,98.0,24.0,55.0,25.0,96.0,66.0,54.0,39.0,45.0,28.0,28.0,75.0,12.0,90.0,0.0,0.0,2.0,16.0,8.0,128.0,35.0,33.0,85.0,18.0,86.0,60.0,36.0,5.0,72.0,78.0,81.0,65.0,0,42.0,0,88.0,88.0,7.0,40.0,39.0,59.0,61.0,1.0,79.0,11.0,119.0,71.0,20.0,38.0,4.0,80.0,0.0,60.0,79.0,66.0,0.0,0,30.0,1.0,39.0,87.0,63.0,83.0,72.0,32.0,86.0,32.0,97.0,41.0,76.0,66.0,9.0,81.0,68.0,49.0,20.0,7.0,0.0,8.0,76.0,63.0,0.0,54.0,186.0,50.0,63.0,10.0,73.0,22.0
22,36.0,8.0,63.0,80.0,11.0,40.0,26.0,70.0,0.0,120.0,24.0,55.0,47.0,96.0,66.0,54.0,39.0,67.0,28.0,28.0,75.0,12.0,90.0,0.0,0.0,2.0,16.0,8.0,128.0,35.0,33.0,85.0,40.0,108.0,60.0,58.0,5.0,93.0,78.0,81.0,65.0,0,63.0,0,88.0,88.0,7.0,40.0,39.0,59.0,61.0,1.0,79.0,11.0,119.0,71.0,20.0,38.0,4.0,80.0,22.0,82.0,79.0,66.0,0.0,0,30.0,1.0,39.0,87.0,63.0,83.0,72.0,32.0,86.0,32.0,97.0,41.0,76.0,88.0,9.0,81.0,68.0,49.0,20.0,7.0,0.0,8.0,76.0,63.0,0.0,76.0,208.0,50.0,63.0,10.0,73.0,22.0
23,36.0,8.0,86.0,80.0,11.0,40.0,26.0,70.0,0.0,120.0,24.0,55.0,47.0,96.0,66.0,54.0,62.0,67.0,28.0,28.0,98.0,12.0,90.0,0.0,0.0,2.0,16.0,8.0,128.0,35.0,33.0,85.0,40.0,130.0,60.0,58.0,5.0,93.0,78.0,81.0,65.0,0,63.0,0,111.0,88.0,7.0,40.0,62.0,59.0,61.0,1.0,79.0,11.0,119.0,71.0,20.0,38.0,4.0,103.0,22.0,82.0,79.0,66.0,0.0,0,53.0,1.0,39.0,87.0,63.0,83.0,72.0,32.0,86.0,32.0,97.0,41.0,76.0,88.0,9.0,81.0,91.0,49.0,20.0,30.0,0.0,8.0,76.0,63.0,0.0,76.0,229.0,50.0,63.0,10.0,73.0,22.0
24,36.0,8.0,110.0,80.0,11.0,40.0,50.0,70.0,0.0,120.0,24.0,79.0,47.0,96.0,66.0,54.0,62.0,67.0,52.0,52.0,98.0,12.0,90.0,0.0,0.0,2.0,16.0,8.0,152.0,35.0,33.0,109.0,40.0,154.0,84.0,58.0,5.0,93.0,78.0,81.0,65.0,0,87.0,0,111.0,88.0,31.0,40.0,86.0,83.0,85.0,1.0,103.0,11.0,119.0,95.0,20.0,38.0,4.0,103.0,22.0,82.0,79.0,90.0,0.0,0,53.0,1.0,39.0,87.0,63.0,83.0,96.0,32.0,86.0,32.0,121.0,41.0,76.0,88.0,9.0,105.0,91.0,49.0,20.0,30.0,0.0,8.0,100.0,63.0,0.0,100.0,253.0,50.0,63.0,10.0,73.0,22.0
25,36.0,8.0,134.0,80.0,11.0,40.0,75.0,70.0,0.0,120.0,24.0,79.0,47.0,96.0,66.0,54.0,62.0,67.0,76.0,52.0,98.0,12.0,90.0,0.0,0.0,2.0,16.0,8.0,177.0,35.0,33.0,109.0,40.0,179.0,84.0,58.0,5.0,93.0,78.0,81.0,65.0,0,87.0,0,111.0,88.0,55.0,40.0,86.0,83.0,85.0,1.0,103.0,36.0,119.0,95.0,20.0,38.0,4.0,103.0,47.0,82.0,79.0,90.0,0.0,0,53.0,1.0,39.0,87.0,63.0,83.0,96.0,32.0,86.0,32.0,121.0,41.0,101.0,88.0,9.0,105.0,116.0,49.0,20.0,30.0,0.0,8.0,100.0,63.0,0.0,100.0,253.0,50.0,63.0,10.0,73.0,22.0
26,36.0,8.0,134.0,80.0,11.0,40.0,75.0,96.0,0.0,146.0,24.0,79.0,47.0,96.0,66.0,80.0,62.0,67.0,76.0,52.0,124.0,12.0,90.0,0.0,0.0,2.0,16.0,8.0,177.0,61.0,33.0,109.0,40.0,179.0,84.0,58.0,5.0,93.0,78.0,107.0,65.0,0,87.0,0,137.0,140.0,81.0,40.0,112.0,83.0,85.0,1.0,129.0,36.0,119.0,95.0,20.0,64.0,4.0,103.0,73.0,82.0,105.0,90.0,0.0,0,53.0,1.0,39.0,87.0,89.0,83.0,96.0,32.0,86.0,32.0,121.0,67.0,126.0,88.0,9.0,105.0,142.0,75.0,20.0,30.0,0.0,8.0,126.0,63.0,0.0,100.0,253.0,50.0,63.0,10.0,73.0,22.0
27,36.0,8.0,161.0,107.0,11.0,40.0,75.0,122.0,0.0,146.0,24.0,79.0,47.0,96.0,66.0,80.0,62.0,67.0,103.0,52.0,124.0,12.0,117.0,0.0,0.0,2.0,16.0,8.0,177.0,61.0,33.0,109.0,40.0,206.0,84.0,58.0,5.0,93.0,78.0,107.0,65.0,0,87.0,0,137.0,167.0,81.0,40.0,112.0,83.0,112.0,1.0,129.0,36.0,146.0,95.0,20.0,64.0,4.0,130.0,73.0,82.0,105.0,90.0,0.0,0,53.0,1.0,39.0,87.0,116.0,83.0,96.0,32.0,86.0,32.0,121.0,94.0,126.0,88.0,9.0,105.0,169.0,75.0,20.0,30.0,0.0,8.0,126.0,63.0,0.0,100.0,253.0,50.0,63.0,10.0,73.0,22.0
28,36.0,8.0,189.0,107.0,11.0,40.0,75.0,150.0,0.0,174.0,24.0,79.0,47.0,96.0,66.0,80.0,62.0,95.0,130.0,52.0,124.0,12.0,117.0,0.0,0.0,2.0,16.0,8.0,177.0,61.0,61.0,137.0,40.0,234.0,84.0,58.0,5.0,93.0,78.0,107.0,65.0,0,87.0,0,165.0,193.0,81.0,40.0,112.0,83.0,140.0,1.0,129.0,36.0,146.0,95.0,20.0,64.0,4.0,130.0,73.0,82.0,105.0,90.0,0.0,0,53.0,1.0,39.0,87.0,116.0,83.0,96.0,32.0,86.0,32.0,149.0,94.0,126.0,88.0,9.0,133.0,195.0,75.0,20.0,30.0,0.0,8.0,126.0,63.0,0.0,100.0,253.0,50.0,63.0,10.0,73.0,22.0
29,36.0,37.0,189.0,107.0,11.0,40.0,104.0,150.0,29.0,174.0,24.0,79.0,47.0,96.0,66.0,80.0,91.0,95.0,130.0,52.0,124.0,12.0,117.0,0.0,0.0,2.0,16.0,8.0,206.0,61.0,61.0,137.0,40.0,263.0,84.0,58.0,5.0,93.0,107.0,107.0,65.0,0,116.0,0,194.0,193.0,81.0,40.0,112.0,83.0,140.0,1.0,129.0,36.0,146.0,95.0,20.0,64.0,4.0,159.0,73.0,82.0,105.0,90.0,0.0,0,82.0,1.0,39.0,87.0,116.0,83.0,96.0,32.0,115.0,32.0,149.0,123.0,155.0,88.0,38.0,133.0,195.0,75.0,20.0,30.0,0.0,8.0,126.0,92.0,0.0,100.0,311.0,50.0,63.0,10.0,73.0,22.0
30,36.0,37.0,189.0,107.0,11.0,40.0,104.0,150.0,29.0,174.0,24.0,79.0,47.0,96.0,66.0,80.0,91.0,95.0,130.0,52.0,124.0,12.0,117.0,0.0,0.0,2.0,16.0,8.0,206.0,91.0,61.0,137.0,40.0,263.0,84.0,58.0,5.0,93.0,107.0,107.0,65.0,0,116.0,0,194.0,193.0,81.0,40.0,112.0,83.0,140.0,1.0,129.0,36.0,146.0,95.0,20.0,64.0,4.0,159.0,73.0,82.0,105.0,90.0,0.0,0,82.0,1.0,39.0,87.0,116.0,83.0,96.0,32.0,144.0,32.0,149.0,123.0,155.0,88.0,38.0,133.0,195.0,75.0,20.0,30.0,0.0,8.0,126.0,121.0,0.0,100.0,340.0,50.0,63.0,10.0,73.0,22.0
31,36.0,37.0,189.0,107.0,11.0,40.0,104.0,150.0,29.0,174.0,24.0,79.0,47.0,127.0,66.0,80.0,91.0,95.0,130.0,52.0,124.0,12.0,117.0,0.0,0.0,2.0,16.0,8.0,206.0,121.0,61.0,137.0,40.0,263.0,84.0,58.0,5.0,93.0,107.0,107.0,65.0,0,116.0,0,194.0,193.0,81.0,40.0,112.0,83.0,171.0,1.0,129.0,36.0,146.0,95.0,20.0,64.0,35.0,159.0,73.0,82.0,105.0,90.0,0.0,0,82.0,1.0,39.0,118.0,116.0,83.0,96.0,32.0,144.0,32.0,149.0,123.0,155.0,88.0,38.0,133.0,195.0,75.0,20.0,30.0,0.0,8.0,157.0,121.0,0.0,100.0,340.0,50.0,63.0,10.0,73.0,22.0
32,36.0,37.0,189.0,107.0,11.0,40.0,104.0,150.0,29.0,174.0,24.0,79.0,47.0,127.0,66.0,80.0,91.0,95.0,130.0,52.0,124.0,12.0,117.0,0.0,0.0,2.0,16.0,8.0,206.0,121.0,61.0,137.0,40.0,263.0,84.0,58.0,5.0,93.0,107.0,107.0,65.0,0,116.0,0,226.0,193.0,81.0,40.0,112.0,83.0,171.0,1.0,129.0,36.0,146.0,95.0,20.0,64.0,35.0,159.0,73.0,82.0,105.0,90.0,0.0,0,82.0,1.0,39.0,118.0,116.0,83.0,96.0,32.0,144.0,32.0,149.0,123.0,155.0,88.0,38.0,133.0,195.0,75.0,20.0,30.0,0.0,8.0,157.0,121.0,0.0,100.0,372.0,50.0,63.0,10.0,73.0,22.0
33,36.0,37.0,189.0,107.0,11.0,40.0,104.0,150.0,29.0,174.0,24.0,79.0,47.0,127.0,66.0,80.0,91.0,95.0,130.0,52.0,124.0,12.0,117.0,0.0,0.0,2.0,16.0,8.0,239.0,121.0,61.0,137.0,40.0,263.0,84.0,58.0,5.0,93.0,107.0,107.0,65.0,0,116.0,0,226.0,193.0,81.0,40.0,112.0,83.0,171.0,1.0,129.0,36.0,146.0,95.0,20.0,64.0,35.0,159.0,73.0,82.0,138.0,90.0,0.0,0,82.0,1.0,39.0,118.0,116.0,83.0,96.0,32.0,144.0,32.0,149.0,123.0,188.0,88.0,38.0,133.0,195.0,75.0,20.0,30.0,0.0,8.0,157.0,154.0,0.0,100.0,372.0,50.0,63.0,10.0,73.0,22.0
34,36.0,37.0,189.0,107.0,11.0,40.0,104.0,150.0,29.0,174.0,24.0,79.0,47.0,127.0,66.0,80.0,91.0,95.0,164.0,52.0,124.0,12.0,151.0,0.0,0.0,2.0,16.0,8.0,239.0,121.0,61.0,137.0,40.0,263.0,84.0,58.0,5.0,93.0,107.0,107.0,65.0,0,116.0,0,226.0,193.0,81.0,40.0,112.0,83.0,205.0,1.0,129.0,36.0,146.0,95.0,20.0,64.0,35.0,159.0,73.0,82.0,138.0,90.0,0.0,0,82.0,1.0,39.0,118.0,116.0,117.0,96.0,32.0,144.0,32.0,149.0,123.0,188.0,122.0,38.0,133.0,195.0,75.0,20.0,30.0,0.0,8.0,157.0,154.0,0.0,100.0,372.0,50.0,63.0,10.0,73.0,22.0
35,36.0,37.0,189.0,107.0,11.0,40.0,104.0,150.0,29.0,174.0,24.0,79.0,47.0,127.0,66.0,80.0,91.0,95.0,164.0,52.0,124.0,12.0,185.0,0.0,0.0,2.0,16.0,43.0,239.0,121.0,61.0,137.0,40.0,263.0,84.0,58.0,5.0,93.0,107.0,107.0,65.0,0,116.0,0,226.0,193.0,81.0,40.0,112.0,83.0,205.0,1.0,164.0,36.0,146.0,95.0,20.0,64.0,35.0,159.0,73.0,82.0,138.0,90.0,0.0,0,82.0,1.0,39.0,118.0,116.0,117.0,96.0,32.0,144.0,32.0,184.0,123.0,188.0,122.0,38.0,133.0,195.0,110.0,20.0,30.0,0.0,8.0,157.0,154.0,0.0,135.0,372.0,50.0,63.0,10.0,73.0,22.0
36,36.0,37.0,189.0,107.0,11.0,76.0,104.0,150.0,29.0,174.0,24.0,79.0,47.0,163.0,66.0,80.0,91.0,131.0,164.0,52.0,124.0,12.0,185.0,0.0,0.0,2.0,52.0,43.0,239.0,121.0,61.0,137.0,40.0,263.0,84.0,58.0,5.0,93.0,107.0,107.0,65.0,0,116.0,0,226.0,193.0,81.0,40.0,112.0,83.0,205.0,1.0,164.0,36.0,146.0,95.0,20.0,64.0,35.0,159.0,73.0,118.0,138.0,90.0,0.0,0,82.0,1.0,39.0,154.0,116.0,117.0,96.0,32.0,144.0,32.0,184.0,123.0,188.0,122.0,74.0,133.0,231.0,110.0,20.0,30.0,0.0,8.0,193.0,154.0,0.0,135.0,372.0,50.0,63.0,10.0,109.0,22.0
37,36.0,37.0,189.0,107.0,11.0,76.0,104.0,150.0,29.0,174.0,24.0,79.0,47.0,163.0,66.0,80.0,91.0,131.0,164.0,52.0,124.0,12.0,185.0,0.0,0.0,2.0,52.0,43.0,239.0,121.0,61.0,137.0,40.0,263.0,84.0,58.0,5.0,93.0,107.0,107.0,65.0,0,116.0,0,226.0,193.0,81.0,40.0,112.0,83.0,205.0,1.0,164.0,36.0,146.0,95.0,20.0,64.0,35.0,159.0,73.0,118.0,175.0,90.0,0.0,0,119.0,1.0,39.0,154.0,153.0,154.0,96.0,32.0,144.0,32.0,184.0,123.0,188.0,122.0,74.0,133.0,231.0,110.0,20.0,30.0,0.0,8.0,193.0,154.0,0.0,135.0,372.0,50.0,63.0,10.0,146.0,22.0
38,36.0,37.0,189.0,107.0,11.0,76.0,104.0,150.0,29.0,174.0,24.0,79.0,47.0,163.0,66.0,80.0,91.0,131.0,164.0,52.0,124.0,12.0,185.0,0.0,0.0,2.0,52.0,43.0,239.0,121.0,61.0,137.0,78.0,263.0,84.0,58.0,5.0,93.0,107.0,107.0,65.0,0,116.0,0,226.0,193.0,81.0,40.0,112.0,83.0,205.0,1.0,164.0,36.0,146.0,95.0,20.0,64.0,35.0,159.0,73.0,118.0,175.0,90.0,0.0,0,119.0,1.0,39.0,154.0,153.0,191.0,134.0,32.0,144.0,32.0,184.0,123.0,188.0,122.0,74.0,133.0,231.0,110.0,20.0,30.0,0.0,8.0,193.0,154.0,0.0,135.0,372.0,50.0,63.0,10.0,146.0,22.0
39,36.0,37.0,189.0,107.0,11.0,76.0,143.0,150.0,29.0,174.0,24.0,79.0,47.0,163.0,66.0,80.0,91.0,131.0,164.0,52.0,124.0,12.0,224.0,0.0,0.0,2.0,52.0,43.0,239.0,160.0,61.0,137.0,78.0,263.0,84.0,58.0,5.0,93.0,107.0,146.0,65.0,0,116.0,0,226.0,193.0,81.0,40.0,112.0,83.0,205.0,1.0,164.0,36.0,146.0,95.0,20.0,64.0,35.0,159.0,73.0,118.0,175.0,90.0,0.0,0,119.0,1.0,39.0,154.0,153.0,191.0,134.0,32.0,144.0,32.0,223.0,123.0,188.0,122.0,74.0,172.0,231.0,110.0,20.0,69.0,0.0,8.0,193.0,154.0,0.0,135.0,372.0,50.0,63.0,10.0,146.0,22.0
40,36.0,37.0,189.0,107.0,11.0,76.0,143.0,150.0,29.0,174.0,24.0,119.0,47.0,163.0,66.0,80.0,91.0,131.0,164.0,52.0,164.0,12.0,224.0,0.0,0.0,2.0,52.0,43.0,239.0,160.0,61.0,137.0,78.0,263.0,84.0,58.0,5.0,93.0,107.0,146.0,65.0,0,116.0,0,226.0,193.0,81.0,40.0,112.0,83.0,205.0,1.0,164.0,36.0,146.0,95.0,20.0,64.0,35.0,159.0,73.0,118.0,175.0,90.0,0.0,0,119.0,1.0,39.0,154.0,153.0,191.0,134.0,32.0,144.0,32.0,223.0,123.0,188.0,122.0,74.0,172.0,231.0,110.0,20.0,69.0,0.0,8.0,193.0,154.0,0.0,135.0,372.0,50.0,63.0,10.0,146.0,22.0
41,36.0,37.0,189.0,107.0,11.0,76.0,143.0,150.0,29.0,174.0,24.0,119.0,47.0,163.0,66.0,80.0,91.0,131.0,164.0,52.0,205.0,12.0,224.0,0.0,0.0,2.0,52.0,43.0,239.0,160.0,61.0,137.0,78.0,263.0,84.0,58.0,5.0,93.0,107.0,146.0,65.0,0,116.0,0,226.0,193.0,81.0,40.0,112.0,83.0,205.0,1.0,164.0,36.0,146.0,95.0,20.0,64.0,35.0,159.0,73.0,118.0,216.0,90.0,0.0,0,119.0,1.0,39.0,154.0,194.0,191.0,134.0,32.0,144.0,32.0,223.0,123.0,188.0,122.0,74.0,172.0,231.0,151.0,20.0,69.0,0.0,8.0,193.0,154.0,0.0,135.0,372.0,50.0,63.0,10.0,146.0,22.0
42,36.0,37.0,189.0,107.0,11.0,76.0,143.0,150.0,29.0,174.0,24.0,119.0,89.0,163.0,66.0,80.0,91.0,131.0,164.0,52.0,205.0,12.0,224.0,0.0,0.0,2.0,52.0,43.0,239.0,160.0,61.0,137.0,78.0,305.0,84.0,58.0,5.0,93.0,107.0,146.0,65.0,0,116.0,0,226.0,193.0,81.0,40.0,112.0,83.0,205.0,1.0,164.0,36.0,146.0,95.0,20.0,64.0,35.0,159.0,73.0,118.0,216.0,90.0,0.0,0,119.0,1.0,39.0,154.0,194.0,191.0,134.0,32.0,144.0,32.0,223.0,123.0,188.0,122.0,74.0,172.0,231.0,151.0,20.0,69.0,0.0,8.0,193.0,154.0,0.0,135.0,372.0,50.0,63.0,10.0,146.0,22.0
43,36.0,37.0,189.0,107.0,11.0,76.0,143.0,150.0,29.0,174.0,24.0,119.0,89.0,163.0,66.0,80.0,91.0,131.0,164.0,52.0,205.0,12.0,224.0,0.0,0.0,2.0,95.0,86.0,239.0,160.0,61.0,137.0,78.0,305.0,84.0,58.0,5.0,93.0,150.0,146.0,65.0,0,116.0,0,226.0,193.0,81.0,40.0,112.0,83.0,205.0,1.0,164.0,36.0,146.0,95.0,20.0,64.0,35.0,159.0,73.0,118.0,216.0,90.0,0.0,0,119.0,1.0,39.0,154.0,194.0,191.0,134.0,32.0,144.0,32.0,223.0,123.0,188.0,165.0,74.0,215.0,231.0,151.0,20.0,69.0,0.0,8.0,193.0,154.0,0.0,135.0,372.0,50.0,63.0,10.0,146.0,22.0
44,36.0,37.0,189.0,107.0,11.0,76.0,143.0,194.0,29.0,218.0,24.0,119.0,89.0,207.0,66.0,80.0,91.0,131.0,164.0,52.0,205.0,12.0,224.0,0.0,0.0,2.0,95.0,86.0,283.0,160.0,105.0,181.0,78.0,305.0,128.0,58.0,5.0,93.0,150.0,190.0,109.0,0,116.0,0,226.0,193.0,81.0,40.0,112.0,83.0,205.0,1.0,164.0,36.0,146.0,95.0,20.0,108.0,35.0,203.0,73.0,162.0,216.0,90.0,44.0,0,119.0,1.0,39.0,198.0,238.0,191.0,134.0,32.0,144.0,32.0,223.0,123.0,188.0,165.0,118.0,215.0,231.0,151.0,20.0,69.0,0.0,8.0,193.0,198.0,0.0,135.0,372.0,50.0,63.0,10.0,146.0,22.0
45,36.0,37.0,189.0,107.0,11.0,76.0,143.0,194.0,29.0,218.0,24.0,119.0,89.0,252.0,111.0,80.0,91.0,176.0,164.0,52.0,205.0,12.0,224.0,0.0,0.0,2.0,95.0,86.0,283.0,160.0,105.0,225.0,78.0,305.0,128.0,58.0,5.0,93.0,150.0,190.0,109.0,0,116.0,0,226.0,193.0,81.0,40.0,112.0,83.0,205.0,1.0,164.0,36.0,146.0,95.0,20.0,108.0,35.0,203.0,73.0,162.0,216.0,90.0,44.0,0,119.0,1.0,39.0,198.0,238.0,191.0,134.0,32.0,144.0,32.0,223.0,123.0,188.0,165.0,118.0,215.0,276.0,151.0,20.0,69.0,0.0,8.0,193.0,198.0,0.0,135.0,372.0,50.0,63.0,10.0,146.0,22.0
46,36.0,37.0,189.0,107.0,11.0,76.0,143.0,194.0,29.0,218.0,24.0,119.0,89.0,252.0,111.0,80.0,91.0,176.0,164.0,52.0,205.0,12.0,224.0,0.0,0.0,2.0,95.0,86.0,283.0,160.0,105.0,225.0,78.0,305.0,128.0,58.0,5.0,93.0,150.0,190.0,109.0,0,116.0,0,226.0,193.0,81.0,40.0,112.0,83.0,205.0,1.0,164.0,36.0,146.0,95.0,20.0,108.0,35.0,203.0,73.0,162.0,216.0,90.0,44.0,0,119.0,1.0,39.0,198.0,284.0,191.0,134.0,32.0,144.0,32.0,223.0,123.0,188.0,165.0,118.0,215.0,322.0,151.0,20.0,69.0,0.0,8.0,193.0,198.0,0.0,135.0,372.0,50.0,63.0,10.0,146.0,22.0
47,36.0,37.0,189.0,107.0,11.0,76.0,143.0,194.0,29.0,218.0,24.0,119.0,89.0,252.0,111.0,80.0,91.0,176.0,164.0,52.0,205.0,12.0,224.0,0.0,0.0,2.0,95.0,86.0,283.0,160.0,105.0,225.0,78.0,305.0,128.0,58.0,5.0,93.0,150.0,190.0,109.0,0,116.0,0,226.0,193.0,81.0,40.0,112.0,83.0,205.0,1.0,164.0,83.0,146.0,95.0,20.0,108.0,35.0,203.0,73.0,162.0,216.0,90.0,44.0,0,119.0,1.0,39.0,198.0,284.0,238.0,181.0,32.0,144.0,32.0,223.0,123.0,188.0,165.0,118.0,262.0,322.0,151.0,20.0,69.0,0.0,8.0,193.0,198.0,0.0,135.0,419.0,50.0,63.0,10.0,146.0,22.0
48,36.0,37.0,189.0,107.0,11.0,76.0,143.0,194.0,29.0,218.0,24.0,119.0,89.0,252.0,111.0,80.0,91.0,176.0,164.0,52.0,205.0,12.0,224.0,0.0,0.0,2.0,95.0,86.0,283.0,160.0,105.0,225.0,78.0,305.0,128.0,58.0,5.0,93.0,150.0,190.0,109.0,0,116.0,0,226.0,193.0,81.0,40.0,112.0,83.0,205.0,1.0,164.0,83.0,146.0,95.0,20.0,108.0,35.0,203.0,121.0,162.0,264.0,90.0,44.0,0,119.0,1.0,39.0,198.0,284.0,238.0,181.0,32.0,144.0,32.0,223.0,123.0,188.0,165.0,118.0,262.0,322.0,151.0,20.0,69.0,0.0,8.0,193.0,198.0,0.0,135.0,419.0,50.0,63.0,10.0,146.0,22.0
49,36.0,37.0,189.0,107.0,11.0,76.0,143.0,194.0,29.0,218.0,24.0,119.0,89.0,252.0,111.0,80.0,91.0,176.0,164.0,52.0,205.0,12.0,224.0,0.0,0.0,2.0,95.0,86.0,283.0,160.0,105.0,225.0,78.0,305.0,128.0,58.0,5.0,93.0,150.0,190.0,158.0,0,116.0,0,226.0,193.0,81.0,40.0,112.0,83.0,205.0,1.0,164.0,83.0,146.0,144.0,20.0,108.0,35.0,203.0,121.0,162.0,264.0,90.0,44.0,0,119.0,1.0,39.0,198.0,284.0,238.0,181.0,32.0,144.0,32.0,223.0,123.0,188.0,165.0,118.0,262.0,322.0,151.0,20.0,69.0,0.0,8.0,193.0,198.0,0.0,135.0,419.0,50.0,63.0,10.0,146.0,22.0
50,36.0,37.0,239.0,107.0,11.0,126.0,143.0,194.0,29.0,218.0,24.0,169.0,89.0,252.0,111.0,80.0,91.0,176.0,214.0,52.0,205.0,12.0,224.0,0.0,0.0,2.0,95.0,86.0,333.0,160.0,105.0,225.0,78.0,305.0,128.0,58.0,5.0,93.0,150.0,190.0,207.0,0,116.0,0,226.0,243.0,81.0,40.0,112.0,83.0,205.0,1.0,164.0,83.0,196.0,144.0,20.0,108.0,35.0,203.0,121.0,162.0,264.0,90.0,44.0,0,119.0,1.0,39.0,198.0,284.0,288.0,181.0,32.0,144.0,32.0,223.0,123.0,188.0,165.0,118.0,262.0,322.0,151.0,20.0,69.0,0.0,8.0,193.0,198.0,0.0,185.0,419.0,50.0,63.0,10.0,146.0,22.0
51,36.0,37.0,239.0,107.0,11.0,176.0,143.0,194.0,29.0,218.0,24.0,169.0,89.0,252.0,111.0,80.0,91.0,176.0,214.0,52.0,205.0,12.0,224.0,0.0,0.0,2.0,95.0,86.0,333.0,160.0,105.0,225.0,78.0,305.0,128.0,58.0,5.0,93.0,150.0,190.0,207.0,0,116.0,0,226.0,243.0,81.0,40.0,112.0,83.0,205.0,1.0,164.0,83.0,196.0,144.0,20.0,108.0,35.0,203.0,121.0,162.0,264.0,90.0,44.0,0,119.0,1.0,39.0,198.0,284.0,288.0,181.0,32.0,144.0,32.0,223.0,123.0,188.0,165.0,118.0,262.0,322.0,151.0,20.0,69.0,0.0,8.0,193.0,198.0,0.0,185.0,419.0,50.0,63.0,10.0,146.0,22.0
52,36.0,37.0,239.0,107.0,11.0,176.0,143.0,194.0,29.0,218.0,24.0,169.0,89.0,252.0,111.0,80.0,91.0,176.0,266.0,52.0,205.0,12.0,224.0,0.0,0.0,2.0,95.0,86.0,333.0,160.0,105.0,225.0,78.0,305.0,128.0,58.0,5.0,93.0,150.0,190.0,207.0,0,116.0,0,226.0,243.0,81.0,40.0,112.0,83.0,205.0,1.0,164.0,83.0,196.0,144.0,20.0,160.0,35.0,255.0,121.0,162.0,264.0,90.0,44.0,0,119.0,1.0,39.0,198.0,284.0,288.0,181.0,32.0,144.0,32.0,223.0,123.0,188.0,165.0,118.0,262.0,322.0,151.0,20.0,69.0,0.0,8.0,193.0,198.0,0.0,185.0,419.0,50.0,63.0,10.0,198.0,22.0
53,36.0,37.0,239.0,107.0,11.0,176.0,143.0,194.0,29.0,218.0,24.0,169.0,89.0,252.0,111.0,80.0,91.0,176.0,266.0,52.0,205.0,12.0,224.0,0.0,0.0,2.0,95.0,86.0,333.0,160.0,105.0,225.0,78.0,305.0,128.0,58.0,5.0,93.0,150.0,190.0,207.0,0,116.0,0,226.0,243.0,81.0,40.0,112.0,83.0,205.0,1.0,164.0,83.0,196.0,144.0,20.0,160.0,35.0,255.0,121.0,162.0,264.0,90.0,44.0,0,119.0,1.0,39.0,198.0,284.0,288.0,181.0,32.0,144.0,32.0,223.0,123.0,188.0,165.0,118.0,262.0,322.0,151.0,20.0,69.0,0.0,8.0,193.0,198.0,0.0,185.0,419.0,50.0,63.0,10.0,250.0,22.0
54,36.0,37.0,239.0,107.0,11.0,176.0,143.0,194.0,29.0,218.0,24.0,169.0,89.0,252.0,111.0,80.0,91.0,176.0,266.0,52.0,205.0,12.0,224.0,0.0,0.0,2.0,95.0,86.0,333.0,160.0,105.0,225.0,78.0,305.0,128.0,58.0,5.0,93.0,150.0,190.0,207.0,0,116.0,0,226.0,243.0,81.0,40.0,112.0,83.0,205.0,1.0,164.0,83.0,250.0,144.0,20.0,160.0,35.0,255.0,121.0,162.0,264.0,90.0,44.0,0,119.0,1.0,39.0,198.0,284.0,288.0,181.0,32.0,198.0,32.0,223.0,123.0,188.0,165.0,118.0,262.0,322.0,151.0,20.0,69.0,0.0,8.0,193.0,198.0,0.0,185.0,419.0,50.0,63.0,10.0,250.0,22.0
55,36.0,37.0,239.0,107.0,11.0,176.0,143.0,194.0,29.0,218.0,24.0,169.0,89.0,252.0,111.0,80.0,91.0,176.0,266.0,52.0,205.0,12.0,279.0,0.0,0.0,2.0,95.0,86.0,333.0,160.0,105.0,225.0,78.0,360.0,128.0,58.0,5.0,93.0,150.0,190.0,207.0,0,116.0,0,226.0,243.0,81.0,40.0,167.0,83.0,205.0,1.0,164.0,83.0,250.0,199.0,20.0,160.0,35.0,255.0,121.0,162.0,264.0,90.0,44.0,0,119.0,1.0,39.0,198.0,284.0,288.0,181.0,32.0,198.0,32.0,223.0,123.0,188.0,165.0,118.0,262.0,322.0,151.0,20.0,69.0,0.0,8.0,193.0,198.0,0.0,185.0,419.0,50.0,63.0,10.0,250.0,22.0
56,92.0,37.0,239.0,107.0,11.0,176.0,143.0,194.0,29.0,218.0,24.0,169.0,89.0,252.0,111.0,80.0,91.0,176.0,266.0,52.0,205.0,12.0,279.0,0.0,0.0,2.0,95.0,86.0,389.0,160.0,105.0,225.0,78.0,360.0,128.0,58.0,5.0,93.0,150.0,190.0,207.0,0,116.0,0,226.0,243.0,81.0,40.0,167.0,83.0,205.0,1.0,164.0,83.0,250.0,199.0,20.0,160.0,35.0,255.0,121.0,162.0,264.0,90.0,44.0,0,119.0,1.0,39.0,198.0,284.0,288.0,181.0,32.0,198.0,32.0,223.0,123.0,188.0,221.0,118.0,262.0,322.0,151.0,20.0,69.0,0.0,8.0,193.0,198.0,0.0,185.0,475.0,50.0,63.0,10.0,250.0,22.0
57,92.0,37.0,239.0,107.0,11.0,176.0,143.0,194.0,29.0,218.0,24.0,169.0,89.0,252.0,111.0,80.0,91.0,176.0,266.0,52.0,205.0,12.0,279.0,0.0,0.0,2.0,95.0,86.0,389.0,160.0,105.0,225.0,78.0,360.0,128.0,58.0,5.0,93.0,150.0,190.0,207.0,0,116.0,0,226.0,243.0,81.0,40.0,167.0,83.0,205.0,1.0,164.0,83.0,250.0,199.0,20.0,160.0,35.0,255.0,121.0,162.0,264.0,90.0,44.0,0,119.0,1.0,39.0,198.0,284.0,288.0,181.0,32.0,198.0,32.0,223.0,123.0,188.0,221.0,118.0,262.0,322.0,151.0,20.0,69.0,0.0,8.0,193.0,198.0,0.0,185.0,475.0,50.0,63.0,10.0,250.0,22.0
58,92.0,37.0,239.0,107.0,11.0,176.0,143.0,194.0,29.0,276.0,24.0,169.0,89.0,252.0,111.0,80.0,91.0,176.0,266.0,52.0,205.0,12.0,279.0,0.0,0.0,2.0,95.0,86.0,389.0,160.0,105.0,225.0,78.0,360.0,128.0,58.0,5.0,93.0,150.0,190.0,207.0,0,116.0,0,226.0,243.0,81.0,40.0,167.0,83.0,263.0,1.0,164.0,83.0,250.0,199.0,20.0,160.0,35.0,255.0,121.0,162.0,264.0,90.0,44.0,0,119.0,1.0,39.0,198.0,284.0,288.0,181.0,32.0,198.0,32.0,223.0,123.0,188.0,221.0,118.0,262.0,322.0,151.0,20.0,69.0,0.0,8.0,193.0,198.0,0.0,185.0,475.0,50.0,63.0,10.0,250.0,22.0
59,92.0,37.0,239.0,107.0,11.0,176.0,143.0,194.0,29.0,276.0,24.0,169.0,89.0,252.0,111.0,80.0,91.0,176.0,266.0,111.0,205.0,12.0,279.0,0.0,0.0,2.0,95.0,86.0,389.0,160.0,105.0,225.0,78.0,360.0,128.0,58.0,5.0,93.0,150.0,190.0,207.0,0,116.0,0,285.0,302.0,81.0,40.0,167.0,83.0,322.0,1.0,164.0,83.0,250.0,199.0,20.0,160.0,35.0,255.0,121.0,162.0,264.0,90.0,44.0,0,119.0,1.0,39.0,198.0,284.0,288.0,181.0,32.0,198.0,32.0,223.0,123.0,188.0,221.0,118.0,262.0,322.0,151.0,20.0,69.0,0.0,8.0,193.0,198.0,0.0,185.0,475.0,50.0,63.0,10.0,250.0,22.0
60,92.0,37.0,239.0,107.0,11.0,176.0,143.0,194.0,29.0,276.0,24.0,169.0,89.0,252.0,111.0,80.0,91.0,176.0,266.0,111.0,205.0,12.0,279.0,0.0,0.0,2.0,95.0,86.0,389.0,160.0,105.0,225.0,78.0,360.0,128.0,58.0,5.0,93.0,150.0,190.0,207.0,0,116.0,0,285.0,302.0,81.0,40.0,167.0,83.0,322.0,1.0,164.0,83.0,250.0,259.0,20.0,160.0,35.0,255.0,121.0,162.0,264.0,150.0,44.0,0,179.0,1.0,39.0,198.0,344.0,288.0,181.0,32.0,198.0,32.0,223.0,123.0,188.0,221.0,118.0,262.0,322.0,151.0,20.0,69.0,0.0,8.0,193.0,198.0,0.0,185.0,475.0,50.0,63.0,10.0,250.0,22.0
61,92.0,37.0,239.0,107.0,11.0,176.0,143.0,194.0,29.0,276.0,24.0,169.0,89.0,252.0,111.0,80.0,91.0,176.0,266.0,111.0,205.0,12.0,279.0,0.0,0.0,2.0,95.0,86.0,389.0,160.0,105.0,225.0,78.0,360.0,128.0,58.0,5.0,93.0,150.0,190.0,207.0,0,116.0,0,285.0,302.0,81.0,40.0,167.0,83.0,322.0,1.0,164.0,83.0,250.0,259.0,20.0,160.0,35.0,255.0,121.0,162.0,264.0,150.0,44.0,0,179.0,1.0,39.0,198.0,404.0,288.0,181.0,32.0,198.0,32.0,223.0,123.0,188.0,221.0,118.0,262.0,322.0,151.0,20.0,69.0,0.0,8.0,193.0,198.0,0.0,185.0,475.0,50.0,63.0,10.0,250.0,22.0
62,92.0,37.0,239.0,107.0,11.0,176.0,143.0,194.0,29.0,276.0,24.0,169.0,89.0,252.0,111.0,80.0,91.0,176.0,266.0,111.0,205.0,12.0,279.0,0.0,0.0,2.0,95.0,86.0,389.0,160.0,105.0,287.0,78.0,360.0,128.0,58.0,5.0,93.0,150.0,190.0,207.0,0,116.0,0,285.0,302.0,81.0,40.0,167.0,83.0,322.0,1.0,164.0,83.0,250.0,259.0,20.0,160.0,35.0,255.0,121.0,162.0,264.0,150.0,44.0,0,179.0,1.0,39.0,198.0,404.0,288.0,181.0,32.0,198.0,32.0,223.0,123.0,188.0,221.0,118.0,262.0,322.0,151.0,20.0,131.0,0.0,8.0,193.0,198.0,0.0,185.0,475.0,50.0,63.0,10.0,250.0,22.0
63,92.0,37.0,239.0,107.0,11.0,176.0,143.0,194.0,29.0,276.0,24.0,169.0,89.0,252.0,111.0,80.0,91.0,176.0,266.0,111.0,205.0,12.0,279.0,0.0,0.0,2.0,95.0,86.0,389.0,160.0,105.0,287.0,78.0,360.0,128.0,58.0,5.0,93.0,150.0,190.0,207.0,0,116.0,0,285.0,302.0,81.0,40.0,167.0,83.0,322.0,1.0,164.0,83.0,250.0,259.0,20.0,160.0,35.0,255.0,121.0,162.0,264.0,150.0,44.0,0,179.0,1.0,39.0,198.0,404.0,288.0,181.0,32.0,198.0,32.0,223.0,123.0,188.0,221.0,118.0,262.0,322.0,151.0,20.0,131.0,0.0,8.0,193.0,198.0,0.0,185.0,475.0,50.0,63.0,10.0,250.0,22.0
64,92.0,37.0,239.0,107.0,11.0,176.0,143.0,194.0,29.0,276.0,24.0,233.0,89.0,316.0,111.0,80.0,91.0,176.0,266.0,111.0,205.0,12.0,279.0,0.0,0.0,2.0,95.0,86.0,389.0,160.0,105.0,287.0,78.0,360.0,128.0,58.0,5.0,93.0,150.0,190.0,207.0,0,116.0,0,285.0,302.0,81.0,40.0,167.0,83.0,322.0,1.0,164.0,83.0,250.0,259.0,20.0,160.0,35.0,255.0,121.0,162.0,264.0,150.0,44.0,0,179.0,1.0,39.0,198.0,468.0,288.0,181.0,32.0,198.0,32.0,223.0,123.0,188.0,221.0,118.0,262.0,322.0,151.0,20.0,131.0,0.0,8.0,193.0,198.0,0.0,185.0,475.0,50.0,63.0,10.0,250.0,22.0
65,157.0,37.0,239.0,107.0,11.0,176.0,143.0,194.0,29.0,276.0,24.0,297.0,89.0,316.0,111.0,80.0,91.0,176.0,266.0,111.0,205.0,12.0,279.0,0.0,0.0,2.0,95.0,86.0,389.0,160.0,105.0,287.0,78.0,360.0,128.0,58.0,5.0,93.0,150.0,190.0,207.0,0,116.0,0,285.0,367.0,81.0,40.0,167.0,83.0,322.0,1.0,229.0,83.0,250.0,259.0,20.0,160.0,35.0,255.0,121.0,162.0,264.0,150.0,44.0,0,179.0,1.0,39.0,198.0,468.0,288.0,246.0,32.0,198.0,32.0,223.0,123.0,188.0,221.0,118.0,262.0,322.0,151.0,20.0,131.0,0.0,8.0,193.0,198.0,0.0,185.0,475.0,50.0,63.0,10.0,250.0,22.0
66,157.0,37.0,239.0,107.0,11.0,176.0,143.0,194.0,29.0,276.0,24.0,297.0,89.0,316.0,111.0,80.0,91.0,176.0,266.0,111.0,205.0,12.0,279.0,0.0,0.0,2.0,161.0,86.0,389.0,160.0,105.0,287.0,78.0,360.0,128.0,58.0,5.0,93.0,150.0,190.0,207.0,0,116.0,0,285.0,367.0,81.0,40.0,167.0,83.0,322.0,1.0,229.0,83.0,250.0,259.0,20.0,160.0,35.0,255.0,121.0,162.0,264.0,150.0,44.0,0,179.0,1.0,39.0,198.0,468.0,288.0,246.0,32.0,198.0,32.0,223.0,123.0,188.0,287.0,118.0,262.0,322.0,151.0,20.0,131.0,0.0,8.0,193.0,198.0,0.0,185.0,475.0,50.0,63.0,10.0,250.0,22.0
67,157.0,37.0,239.0,107.0,11.0,176.0,143.0,194.0,29.0,276.0,24.0,297.0,89.0,316.0,111.0,80.0,91.0,176.0,266.0,111.0,205.0,12.0,279.0,0.0,0.0,2.0,161.0,86.0,389.0,160.0,105.0,287.0,78.0,360.0,128.0,58.0,5.0,93.0,150.0,190.0,207.0,0,116.0,0,285.0,367.0,81.0,40.0,167.0,83.0,322.0,1.0,229.0,83.0,250.0,259.0,20.0,160.0,35.0,255.0,121.0,162.0,264.0,150.0,44.0,0,179.0,1.0,39.0,198.0,468.0,288.0,246.0,32.0,198.0,32.0,223.0,123.0,188.0,287.0,118.0,262.0,322.0,151.0,20.0,131.0,0.0,8.0,193.0,198.0,0.0,185.0,475.0,50.0,63.0,10.0,250.0,22.0
68,157.0,37.0,239.0,107.0,11.0,176.0,143.0,194.0,29.0,276.0,24.0,297.0,89.0,316.0,111.0,80.0,91.0,176.0,266.0,111.0,273.0,12.0,279.0,0.0,0.0,2.0,161.0,86.0,389.0,160.0,105.0,287.0,78.0,360.0,128.0,58.0,5.0,93.0,150.0,190.0,207.0,0,116.0,0,285.0,367.0,81.0,40.0,167.0,83.0,322.0,1.0,229.0,83.0,250.0,259.0,20.0,160.0,35.0,323.0,121.0,162.0,264.0,150.0,44.0,0,179.0,1.0,39.0,198.0,468.0,288.0,246.0,32.0,198.0,32.0,223.0,123.0,188.0,287.0,118.0,262.0,322.0,151.0,20.0,131.0,0.0,8.0,193.0,198.0,0.0,253.0,543.0,50.0,63.0,10.0,250.0,22.0
69,157.0,37.0,239.0,107.0,11.0,176.0,143.0,194.0,29.0,276.0,24.0,297.0,89.0,316.0,111.0,80.0,91.0,245.0,266.0,180.0,342.0,12.0,348.0,0.0,0.0,2.0,161.0,86.0,389.0,160.0,105.0,287.0,78.0,360.0,128.0,58.0,5.0,93.0,150.0,190.0,207.0,0,116.0,0,285.0,367.0,81.0,40.0,167.0,83.0,322.0,1.0,229.0,83.0,250.0,259.0,20.0,160.0,35.0,323.0,121.0,162.0,264.0,150.0,44.0,0,179.0,1.0,39.0,198.0,537.0,288.0,246.0,32.0,198.0,32.0,223.0,123.0,188.0,356.0,118.0,262.0,322.0,151.0,20.0,131.0,0.0,8.0,193.0,267.0,69.0,321.0,543.0,50.0,63.0,10.0,250.0,22.0
70,157.0,37.0,239.0,107.0,11.0,176.0,143.0,194.0,29.0,276.0,24.0,297.0,89.0,316.0,111.0,80.0,91.0,245.0,266.0,180.0,342.0,12.0,348.0,0.0,0.0,2.0,161.0,86.0,389.0,160.0,105.0,287.0,78.0,360.0,128.0,58.0,5.0,93.0,150.0,190.0,207.0,0,116.0,0,285.0,437.0,81.0,40.0,167.0,83.0,322.0,1.0,229.0,83.0,250.0,259.0,20.0,160.0,35.0,323.0,121.0,162.0,264.0,150.0,44.0,0,179.0,1.0,39.0,198.0,537.0,288.0,246.0,32.0,198.0,32.0,223.0,123.0,188.0,356.0,118.0,262.0,322.0,151.0,20.0,131.0,0.0,8.0,263.0,267.0,69.0,321.0,543.0,50.0,63.0,10.0,250.0,22.0
71,157.0,37.0,239.0,107.0,11.0,176.0,143.0,194.0,29.0,276.0,24.0,297.0,89.0,316.0,111.0,80.0,91.0,245.0,266.0,180.0,342.0,12.0,348.0,0.0,0.0,2.0,161.0,86.0,389.0,160.0,105.0,287.0,78.0,360.0,128.0,58.0,5.0,93.0,150.0,190.0,207.0,0,116.0,0,285.0,437.0,81.0,40.0,167.0,83.0,322.0,1.0,229.0,83.0,250.0,259.0,20.0,160.0,35.0,323.0,121.0,162.0,264.0,150.0,44.0,0,179.0,1.0,39.0,198.0,537.0,288.0,246.0,32.0,198.0,32.0,223.0,123.0,188.0,356.0,118.0,262.0,322.0,151.0,20.0,131.0,0.0,8.0,263.0,267.0,69.0,321.0,543.0,50.0,63.0,10.0,250.0,22.0
72,157.0,37.0,239.0,107.0,11.0,176.0,143.0,194.0,29.0,276.0,24.0,297.0,89.0,316.0,111.0,80.0,91.0,245.0,266.0,180.0,342.0,12.0,348.0,0.0,0.0,2.0,161.0,86.0,389.0,160.0,105.0,287.0,78.0,360.0,128.0,58.0,5.0,93.0,150.0,190.0,279.0,0,116.0,0,285.0,437.0,81.0,40.0,239.0,83.0,394.0,1.0,229.0,83.0,250.0,259.0,20.0,160.0,35.0,323.0,121.0,162.0,264.0,150.0,44.0,0,179.0,1.0,39.0,198.0,537.0,288.0,246.0,32.0,198.0,32.0,223.0,123.0,188.0,356.0,118.0,262.0,394.0,151.0,20.0,131.0,0.0,8.0,263.0,267.0,69.0,321.0,543.0,50.0,63.0,10.0,250.0,22.0
73,157.0,37.0,239.0,107.0,11.0,176.0,143.0,194.0,29.0,276.0,24.0,297.0,89.0,316.0,111.0,80.0,91.0,245.0,266.0,180.0,342.0,12.0,348.0,0.0,0.0,2.0,161.0,86.0,389.0,160.0,105.0,287.0,78.0,360.0,128.0,58.0,5.0,93.0,150.0,190.0,279.0,0,116.0,0,285.0,437.0,81.0,40.0,239.0,83.0,394.0,1.0,229.0,83.0,250.0,259.0,20.0,160.0,35.0,323.0,121.0,162.0,264.0,150.0,44.0,0,179.0,1.0,39.0,198.0,537.0,288.0,246.0,32.0,198.0,32.0,223.0,123.0,188.0,356.0,118.0,262.0,394.0,151.0,20.0,131.0,0.0,8.0,263.0,267.0,69.0,321.0,543.0,50.0,63.0,10.0,250.0,22.0
74,157.0,37.0,313.0,107.0,11.0,176.0,143.0,194.0,29.0,276.0,24.0,297.0,89.0,316.0,111.0,80.0,91.0,245.0,266.0,180.0,342.0,12.0,348.0,0.0,0.0,2.0,161.0,86.0,389.0,234.0,105.0,287.0,78.0,360.0,128.0,58.0,5.0,93.0,150.0,190.0,279.0,0,116.0,0,285.0,437.0,81.0,40.0,239.0,83.0,394.0,1.0,229.0,83.0,250.0,259.0,20.0,160.0,35.0,323.0,121.0,162.0,264.0,150.0,44.0,0,179.0,1.0,39.0,198.0,537.0,288.0,246.0,32.0,198.0,32.0,223.0,123.0,188.0,356.0,118.0,262.0,394.0,151.0,20.0,131.0,0.0,8.0,263.0,267.0,69.0,321.0,543.0,50.0,63.0,10.0,250.0,22.0
75,157.0,37.0,313.0,107.0,11.0,176.0,143.0,194.0,29.0,276.0,24.0,297.0,89.0,316.0,111.0,80.0,91.0,245.0,266.0,180.0,342.0,12.0,348.0,75.0,0.0,2.0,236.0,86.0,389.0,234.0,105.0,287.0,78.0,360.0,128.0,58.0,5.0,93.0,150.0,190.0,279.0,0,116.0,0,285.0,437.0,81.0,40.0,239.0,83.0,469.0,1.0,229.0,83.0,250.0,259.0,20.0,235.0,35.0,323.0,121.0,162.0,339.0,150.0,44.0,0,179.0,1.0,39.0,198.0,537.0,288.0,246.0,32.0,198.0,32.0,223.0,123.0,263.0,356.0,118.0,262.0,394.0,151.0,20.0,131.0,0.0,8.0,263.0,267.0,69.0,321.0,543.0,50.0,63.0,10.0,250.0,22.0
76,157.0,37.0,313.0,107.0,11.0,176.0,143.0,194.0,29.0,276.0,24.0,297.0,165.0,316.0,111.0,80.0,91.0,321.0,266.0,180.0,342.0,12.0,424.0,75.0,0.0,2.0,236.0,86.0,389.0,234.0,105.0,287.0,78.0,360.0,128.0,58.0,5.0,93.0,150.0,190.0,279.0,0,116.0,0,285.0,437.0,81.0,40.0,239.0,83.0,469.0,1.0,229.0,83.0,250.0,259.0,20.0,235.0,35.0,323.0,121.0,162.0,339.0,150.0,44.0,0,179.0,1.0,39.0,198.0,537.0,288.0,246.0,32.0,198.0,32.0,299.0,123.0,339.0,356.0,118.0,262.0,394.0,151.0,20.0,131.0,0.0,8.0,263.0,267.0,69.0,321.0,543.0,50.0,63.0,10.0,250.0,22.0
77,157.0,37.0,313.0,107.0,11.0,176.0,143.0,194.0,29.0,276.0,24.0,297.0,165.0,316.0,111.0,80.0,91.0,321.0,266.0,180.0,342.0,12.0,424.0,75.0,0.0,2.0,236.0,86.0,389.0,234.0,105.0,287.0,78.0,360.0,128.0,58.0,5.0,93.0,150.0,190.0,279.0,0,116.0,0,285.0,437.0,81.0,40.0,239.0,83.0,469.0,1.0,229.0,83.0,250.0,259.0,20.0,235.0,35.0,323.0,121.0,162.0,339.0,150.0,44.0,0,179.0,1.0,39.0,198.0,537.0,288.0,246.0,32.0,198.0,32.0,299.0,123.0,339.0,356.0,118.0,262.0,394.0,151.0,20.0,131.0,0.0,8.0,263.0,267.0,69.0,321.0,543.0,50.0,63.0,10.0,250.0,22.0
78,157.0,37.0,313.0,107.0,11.0,176.0,143.0,194.0,29.0,276.0,24.0,297.0,165.0,316.0,111.0,80.0,91.0,321.0,266.0,180.0,342.0,12.0,502.0,75.0,0.0,2.0,236.0,86.0,467.0,234.0,105.0,287.0,78.0,360.0,128.0,58.0,5.0,93.0,150.0,190.0,279.0,0,116.0,0,285.0,437.0,81.0,40.0,239.0,83.0,469.0,1.0,229.0,83.0,250.0,259.0,20.0,235.0,35.0,323.0,121.0,162.0,339.0,150.0,44.0,0,179.0,1.0,39.0,198.0,537.0,288.0,246.0,32.0,198.0,32.0,299.0,123.0,339.0,356.0,118.0,262.0,394.0,151.0,20.0,131.0,0.0,8.0,263.0,267.0,69.0,321.0,543.0,50.0,63.0,10.0,250.0,22.0
79,157.0,37.0,313.0,107.0,11.0,176.0,143.0,194.0,29.0,276.0,24.0,297.0,165.0,316.0,111.0,80.0,91.0,321.0,266.0,180.0,342.0,12.0,502.0,75.0,0.0,2.0,236.0,86.0,467.0,234.0,105.0,287.0,78.0,360.0,128.0,58.0,5.0,93.0,150.0,190.0,279.0,0,116.0,0,285.0,437.0,81.0,40.0,239.0,83.0,469.0,1.0,229.0,83.0,250.0,259.0,20.0,235.0,35.0,323.0,121.0,162.0,339.0,150.0,44.0,0,179.0,1.0,39.0,198.0,537.0,288.0,246.0,32.0,198.0,32.0,299.0,123.0,339.0,356.0,118.0,262.0,394.0,151.0,20.0,131.0,0.0,8.0,263.0,267.0,69.0,321.0,543.0,50.0,63.0,10.0,250.0,22.0
80,157.0,37.0,313.0,107.0,11.0,176.0,143.0,194.0,29.0,276.0,24.0,297.0,165.0,316.0,111.0,160.0,91.0,321.0,266.0,180.0,342.0,12.0,502.0,75.0,0.0,2.0,236.0,86.0,467.0,234.0,105.0,367.0,78.0,360.0,128.0,58.0,5.0,93.0,150.0,270.0,279.0,0,116.0,0,285.0,437.0,81.0,40.0,239.0,83.0,469.0,1.0,309.0,83.0,250.0,259.0,20.0,235.0,35.0,323.0,121.0,162.0,339.0,150.0,44.0,0,179.0,1.0,39.0,198.0,537.0,288.0,246.0,32.0,198.0,32.0,299.0,123.0,339.0,356.0,118.0,262.0,394.0,151.0,20.0,131.0,0.0,8.0,263.0,267.0,69.0,321.0,543.0,50.0,63.0,10.0,250.0,22.0
81,157.0,37.0,313.0,107.0,11.0,176.0,143.0,194.0,29.0,276.0,24.0,297.0,165.0,316.0,111.0,160.0,91.0,321.0,266.0,180.0,342.0,12.0,502.0,75.0,0.0,2.0,236.0,86.0,467.0,234.0,105.0,448.0,78.0,360.0,128.0,58.0,5.0,93.0,150.0,270.0,279.0,0,116.0,0,285.0,437.0,81.0,40.0,239.0,83.0,469.0,1.0,309.0,83.0,250.0,259.0,20.0,235.0,35.0,323.0,121.0,162.0,339.0,150.0,44.0,0,179.0,1.0,39.0,198.0,537.0,288.0,246.0,32.0,198.0,32.0,299.0,123.0,339.0,356.0,118.0,343.0,475.0,151.0,20.0,131.0,0.0,8.0,344.0,267.0,69.0,321.0,543.0,50.0,63.0,10.0,250.0,22.0
82,157.0,37.0,313.0,107.0,11.0,176.0,143.0,194.0,29.0,276.0,24.0,297.0,165.0,316.0,111.0,160.0,91.0,321.0,266.0,180.0,342.0,12.0,502.0,75.0,0.0,2.0,236.0,86.0,467.0,234.0,105.0,448.0,78.0,360.0,128.0,58.0,5.0,93.0,150.0,270.0,279.0,0,116.0,0,285.0,437.0,81.0,40.0,239.0,83.0,469.0,1.0,309.0,83.0,250.0,259.0,20.0,235.0,35.0,323.0,121.0,162.0,339.0,150.0,44.0,0,179.0,1.0,39.0,198.0,537.0,288.0,246.0,32.0,280.0,32.0,299.0,123.0,421.0,356.0,118.0,343.0,475.0,151.0,20.0,131.0,0.0,8.0,344.0,267.0,69.0,321.0,543.0,50.0,63.0,10.0,250.0,22.0
83,157.0,37.0,313.0,107.0,11.0,176.0,143.0,194.0,29.0,276.0,24.0,297.0,165.0,316.0,111.0,160.0,91.0,321.0,266.0,180.0,342.0,12.0,502.0,75.0,0.0,2.0,236.0,86.0,467.0,234.0,105.0,448.0,78.0,360.0,128.0,58.0,5.0,93.0,150.0,270.0,279.0,0,116.0,0,285.0,437.0,81.0,40.0,239.0,83.0,469.0,1.0,309.0,83.0,250.0,259.0,20.0,235.0,35.0,323.0,121.0,162.0,339.0,150.0,44.0,0,179.0,1.0,39.0,198.0,537.0,288.0,246.0,32.0,280.0,32.0,299.0,123.0,421.0,356.0,118.0,343.0,475.0,151.0,20.0,131.0,0.0,8.0,344.0,267.0,69.0,321.0,543.0,50.0,63.0,10.0,250.0,22.0
84,157.0,37.0,313.0,107.0,11.0,176.0,143.0,194.0,29.0,276.0,24.0,381.0,165.0,400.0,111.0,160.0,91.0,321.0,266.0,180.0,342.0,12.0,502.0,75.0,0.0,2.0,236.0,86.0,467.0,234.0,105.0,448.0,78.0,360.0,128.0,58.0,5.0,93.0,150.0,270.0,279.0,0,116.0,0,285.0,437.0,81.0,40.0,239.0,83.0,469.0,1.0,309.0,83.0,334.0,259.0,20.0,235.0,35.0,323.0,121.0,162.0,339.0,150.0,44.0,0,179.0,1.0,39.0,198.0,537.0,288.0,246.0,32.0,280.0,32.0,299.0,123.0,505.0,356.0,118.0,343.0,475.0,151.0,20.0,131.0,0.0,8.0,344.0,267.0,69.0,321.0,543.0,50.0,63.0,10.0,250.0,22.0
85,157.0,37.0,313.0,107.0,11.0,176.0,143.0,194.0,29.0,276.0,24.0,381.0,165.0,400.0,111.0,160.0,91.0,321.0,266.0,180.0,342.0,12.0,502.0,75.0,0.0,2.0,236.0,86.0,552.0,234.0,105.0,448.0,78.0,360.0,128.0,58.0,5.0,93.0,150.0,270.0,364.0,0,116.0,0,285.0,437.0,81.0,40.0,239.0,83.0,469.0,1.0,309.0,168.0,334.0,259.0,20.0,235.0,35.0,323.0,121.0,162.0,339.0,150.0,44.0,0,179.0,1.0,39.0,198.0,537.0,288.0,246.0,32.0,280.0,32.0,384.0,123.0,505.0,356.0,118.0,343.0,475.0,151.0,20.0,131.0,0.0,8.0,344.0,267.0,69.0,321.0,543.0,50.0,63.0,10.0,250.0,22.0
86,157.0,37.0,313.0,107.0,11.0,176.0,143.0,194.0,29.0,276.0,24.0,381.0,165.0,400.0,111.0,160.0,91.0,321.0,266.0,180.0,342.0,12.0,502.0,75.0,0.0,2.0,236.0,86.0,552.0,234.0,105.0,448.0,78.0,360.0,128.0,58.0,5.0,93.0,150.0,270.0,364.0,0,116.0,0,285.0,437.0,81.0,40.0,239.0,83.0,469.0,1.0,309.0,168.0,334.0,259.0,20.0,235.0,35.0,323.0,121.0,162.0,339.0,150.0,44.0,0,179.0,1.0,39.0,198.0,537.0,288.0,246.0,32.0,280.0,32.0,384.0,123.0,505.0,356.0,118.0,343.0,475.0,151.0,20.0,131.0,0.0,8.0,344.0,267.0,69.0,321.0,543.0,50.0,63.0,10.0,250.0,22.0
87,157.0,37.0,313.0,107.0,11.0,176.0,143.0,194.0,29.0,276.0,24.0,381.0,165.0,400.0,111.0,160.0,91.0,321.0,266.0,180.0,429.0,12.0,502.0,75.0,0.0,2.0,236.0,86.0,552.0,321.0,105.0,448.0,78.0,360.0,128.0,58.0,5.0,93.0,150.0,270.0,364.0,0,116.0,0,372.0,437.0,81.0,40.0,239.0,83.0,469.0,1.0,309.0,168.0,334.0,259.0,20.0,235.0,35.0,323.0,121.0,162.0,339.0,150.0,44.0,0,266.0,1.0,39.0,198.0,537.0,288.0,246.0,32.0,280.0,32.0,384.0,123.0,505.0,356.0,118.0,343.0,475.0,151.0,20.0,131.0,0.0,8.0,344.0,267.0,69.0,321.0,543.0,50.0,63.0,10.0,250.0,22.0
88,157.0,37.0,313.0,107.0,11.0,176.0,143.0,194.0,29.0,276.0,24.0,381.0,165.0,488.0,111.0,160.0,91.0,321.0,266.0,180.0,429.0,12.0,502.0,75.0,0.0,2.0,236.0,86.0,552.0,321.0,105.0,448.0,78.0,360.0,128.0,58.0,5.0,93.0,150.0,358.0,364.0,0,116.0,0,372.0,437.0,81.0,40.0,239.0,83.0,469.0,1.0,309.0,168.0,334.0,259.0,20.0,235.0,35.0,323.0,121.0,162.0,339.0,150.0,44.0,0,266.0,1.0,39.0,198.0,537.0,288.0,246.0,32.0,280.0,32.0,384.0,123.0,505.0,356.0,118.0,343.0,475.0,151.0,20.0,131.0,0.0,8.0,344.0,267.0,69.0,321.0,543.0,50.0,63.0,10.0,250.0,22.0
89,157.0,37.0,313.0,107.0,11.0,176.0,143.0,194.0,29.0,276.0,24.0,381.0,165.0,488.0,111.0,160.0,91.0,321.0,266.0,180.0,429.0,12.0,502.0,75.0,0.0,2.0,236.0,86.0,552.0,321.0,105.0,448.0,78.0,360.0,128.0,58.0,5.0,93.0,150.0,358.0,364.0,0,116.0,0,372.0,437.0,81.0,40.0,239.0,83.0,469.0,1.0,309.0,168.0,334.0,259.0,20.0,235.0,35.0,323.0,121.0,162.0,339.0,150.0,44.0,0,266.0,1.0,39.0,198.0,537.0,288.0,246.0,32.0,280.0,32.0,384.0,123.0,505.0,356.0,118.0,343.0,475.0,151.0,20.0,131.0,0.0,8.0,344.0,267.0,69.0,321.0,543.0,50.0,63.0,10.0,250.0,22.0
90,157.0,37.0,313.0,107.0,11.0,176.0,143.0,194.0,29.0,276.0,24.0,381.0,165.0,488.0,111.0,160.0,91.0,321.0,266.0,180.0,429.0,12.0,502.0,75.0,0.0,2.0,236.0,86.0,552.0,321.0,105.0,448.0,78.0,360.0,128.0,58.0,5.0,93.0,150.0,358.0,364.0,0,116.0,0,372.0,437.0,81.0,40.0,239.0,83.0,469.0,1.0,309.0,168.0,334.0,259.0,20.0,235.0,35.0,323.0,121.0,162.0,339.0,150.0,44.0,0,266.0,1.0,39.0,198.0,537.0,288.0,246.0,32.0,280.0,32.0,384.0,123.0,505.0,356.0,118.0,343.0,475.0,151.0,20.0,131.0,0.0,8.0,344.0,267.0,69.0,321.0,543.0,50.0,63.0,10.0,250.0,22.0
91,157.0,37.0,313.0,107.0,11.0,176.0,143.0,194.0,29.0,367.0,24.0,381.0,165.0,488.0,111.0,160.0,91.0,321.0,266.0,180.0,429.0,12.0,502.0,75.0,0.0,2.0,236.0,86.0,552.0,321.0,105.0,448.0,78.0,360.0,128.0,58.0,5.0,93.0,150.0,358.0,364.0,0,116.0,0,372.0,437.0,81.0,40.0,239.0,83.0,469.0,1.0,309.0,168.0,334.0,259.0,111.0,235.0,35.0,414.0,121.0,162.0,339.0,150.0,44.0,0,266.0,1.0,39.0,198.0,537.0,288.0,246.0,32.0,280.0,32.0,384.0,123.0,505.0,356.0,118.0,434.0,475.0,151.0,20.0,131.0,0.0,8.0,344.0,267.0,69.0,321.0,634.0,50.0,63.0,10.0,250.0,22.0
92,157.0,37.0,313.0,107.0,11.0,176.0,143.0,194.0,29.0,458.0,24.0,381.0,165.0,488.0,111.0,160.0,91.0,321.0,266.0,180.0,429.0,12.0,502.0,75.0,0.0,2.0,236.0,86.0,552.0,321.0,105.0,448.0,78.0,452.0,128.0,58.0,5.0,93.0,150.0,358.0,364.0,0,116.0,0,372.0,437.0,81.0,40.0,239.0,83.0,561.0,1.0,309.0,168.0,334.0,259.0,111.0,235.0,35.0,506.0,121.0,162.0,339.0,150.0,44.0,0,266.0,1.0,39.0,198.0,537.0,288.0,246.0,32.0,280.0,32.0,384.0,123.0,505.0,356.0,118.0,434.0,475.0,151.0,20.0,131.0,0.0,8.0,344.0,267.0,69.0,321.0,634.0,50.0,63.0,10.0,250.0,22.0
93,157.0,37.0,313.0,107.0,11.0,176.0,143.0,194.0,29.0,458.0,24.0,381.0,165.0,488.0,111.0,160.0,91.0,321.0,266.0,180.0,429.0,12.0,502.0,75.0,0.0,2.0,236.0,86.0,552.0,321.0,105.0,448.0,78.0,452.0,128.0,58.0,5.0,93.0,150.0,358.0,364.0,0,116.0,0,372.0,437.0,81.0,40.0,239.0,83.0,561.0,1.0,309.0,168.0,334.0,259.0,111.0,235.0,35.0,506.0,121.0,162.0,339.0,150.0,44.0,0,266.0,1.0,39.0,198.0,537.0,288.0,246.0,32.0,280.0,32.0,384.0,123.0,505.0,356.0,118.0,434.0,475.0,151.0,20.0,131.0,0.0,8.0,344.0,267.0,69.0,321.0,634.0,50.0,63.0,10.0,250.0,22.0
94,157.0,37.0,313.0,107.0,11.0,176.0,143.0,194.0,29.0,458.0,24.0,381.0,165.0,488.0,111.0,160.0,91.0,321.0,266.0,180.0,429.0,12.0,502.0,75.0,0.0,2.0,236.0,86.0,552.0,321.0,105.0,448.0,78.0,452.0,128.0,58.0,5.0,93.0,150.0,358.0,364.0,0,116.0,0,372.0,437.0,81.0,40.0,239.0,83.0,561.0,1.0,309.0,168.0,334.0,259.0,111.0,235.0,35.0,506.0,121.0,162.0,339.0,150.0,44.0,0,266.0,1.0,39.0,198.0,537.0,288.0,246.0,32.0,280.0,32.0,384.0,123.0,505.0,356.0,118.0,434.0,475.0,151.0,20.0,131.0,0.0,8.0,344.0,267.0,69.0,321.0,634.0,50.0,63.0,10.0,250.0,22.0
95,157.0,37.0,313.0,107.0,11.0,176.0,143.0,194.0,29.0,458.0,24.0,381.0,165.0,488.0,111.0,160.0,91.0,321.0,266.0,180.0,429.0,12.0,502.0,75.0,0.0,2.0,236.0,86.0,552.0,321.0,105.0,448.0,78.0,452.0,128.0,58.0,5.0,93.0,150.0,358.0,364.0,0,116.0,0,372.0,437.0,81.0,40.0,239.0,83.0,656.0,1.0,309.0,168.0,334.0,259.0,111.0,235.0,35.0,601.0,121.0,162.0,339.0,150.0,44.0,0,266.0,1.0,39.0,293.0,537.0,288.0,246.0,32.0,280.0,32.0,384.0,123.0,505.0,356.0,118.0,434.0,570.0,151.0,20.0,131.0,0.0,8.0,344.0,267.0,69.0,321.0,634.0,50.0,63.0,10.0,250.0,22.0
96,157.0,37.0,313.0,107.0,11.0,176.0,143.0,194.0,29.0,458.0,24.0,381.0,165.0,488.0,111.0,160.0,91.0,321.0,266.0,180.0,429.0,12.0,502.0,75.0,0.0,2.0,236.0,86.0,552.0,321.0,105.0,448.0,78.0,452.0,128.0,58.0,5.0,93.0,150.0,358.0,364.0,0,116.0,0,372.0,533.0,81.0,40.0,335.0,83.0,656.0,1.0,309.0,168.0,334.0,259.0,111.0,235.0,35.0,601.0,121.0,162.0,339.0,150.0,44.0,0,266.0,1.0,39.0,293.0,537.0,288.0,246.0,32.0,280.0,32.0,384.0,123.0,505.0,356.0,118.0,434.0,570.0,151.0,20.0,131.0,0.0,8.0,344.0,267.0,69.0,321.0,634.0,50.0,63.0,10.0,250.0,22.0
97,157.0,37.0,313.0,107.0,11.0,176.0,143.0,194.0,29.0,458.0,24.0,381.0,165.0,585.0,111.0,160.0,91.0,321.0,266.0,277.0,429.0,12.0,502.0,75.0,0.0,2.0,236.0,86.0,552.0,321.0,105.0,448.0,78.0,452.0,128.0,58.0,5.0,93.0,150.0,358.0,364.0,0,116.0,0,372.0,533.0,81.0,40.0,335.0,83.0,656.0,1.0,309.0,168.0,431.0,259.0,111.0,235.0,35.0,601.0,121.0,162.0,436.0,150.0,44.0,0,266.0,1.0,39.0,293.0,537.0,288.0,246.0,32.0,280.0,32.0,384.0,123.0,505.0,356.0,118.0,434.0,570.0,151.0,20.0,131.0,0.0,8.0,344.0,267.0,69.0,321.0,634.0,50.0,63.0,10.0,250.0,22.0
98,157.0,37.0,313.0,107.0,11.0,176.0,143.0,194.0,29.0,458.0,24.0,381.0,165.0,585.0,111.0,160.0,91.0,321.0,266.0,277.0,429.0,12.0,502.0,75.0,0.0,2.0,236.0,86.0,552.0,321.0,105.0,448.0,78.0,452.0,128.0,58.0,5.0,93.0,150.0,358.0,364.0,0,116.0,0,372.0,533.0,81.0,40.0,335.0,83.0,656.0,1.0,309.0,168.0,431.0,259.0,111.0,235.0,35.0,601.0,121.0,162.0,436.0,150.0,44.0,0,266.0,1.0,39.0,293.0,537.0,288.0,246.0,32.0,280.0,32.0,384.0,123.0,505.0,356.0,118.0,434.0,570.0,151.0,20.0,131.0,0.0,8.0,344.0,267.0,69.0,321.0,634.0,50.0,63.0,10.0,250.0,22.0
99,157.0,37.0,313.0,107.0,11.0,176.0,143.0,194.0,29.0,458.0,24.0,381.0,165.0,585.0,111.0,160.0,91.0,321.0,266.0,376.0,429.0,12.0,502.0,75.0,0.0,2.0,236.0,86.0,552.0,321.0,105.0,448.0,78.0,452.0,128.0,58.0,5.0,93.0,150.0,358.0,364.0,0,116.0,0,372.0,533.0,81.0,40.0,335.0,83.0,656.0,1.0,309.0,168.0,431.0,259.0,111.0,235.0,35.0,601.0,121.0,162.0,436.0,150.0,44.0,0,266.0,1.0,39.0,293.0,537.0,288.0,246.0,32.0,280.0,32.0,384.0,123.0,505.0,356.0,118.0,434.0,570.0,151.0,20.0,131.0,0.0,8.0,344.0,267.0,69.0,420.0,634.0,50.0,63.0,10.0,250.0,22.0
100,157.0,37.0,313.0,107.0,11.0,176.0,143.0,194.0,29.0,458.0,24.0,381.0,165.0,585.0,111.0,160.0,91.0,321.0,266.0,376.0,429.0,12.0,602.0,75.0,0.0,2.0,236.0,86.0,552.0,321.0,105.0,448.0,78.0,452.0,128.0,58.0,5.0,93.0,150.0,358.0,364.0,0,116.0,0,372.0,533.0,81.0,40.0,335.0,83.0,656.0,1.0,309.0,168.0,431.0,259.0,111.0,235.0,35.0,601.0,121.0,162.0,436.0,150.0,44.0,0,266.0,1.0,39.0,293.0,537.0,288.0,346.0,32.0,280.0,32.0,384.0,123.0,505.0,356.0,118.0,434.0,570.0,151.0,20.0,131.0,0.0,8.0,344.0,267.0,69.0,520.0,634.0,50.0,63.0,10.0,250.0,22.0
101,157.0,37.0,313.0,107.0,11.0,176.0,143.0,194.0,29.0,458.0,24.0,381.0,165.0,585.0,111.0,160.0,91.0,321.0,266.0,376.0,429.0,12.0,602.0,75.0,0.0,2.0,236.0,86.0,552.0,321.0,105.0,448.0,78.0,452.0,128.0,58.0,5.0,93.0,150.0,358.0,364.0,0,116.0,0,372.0,533.0,81.0,40.0,335.0,83.0,656.0,1.0,309.0,168.0,431.0,259.0,111.0,235.0,35.0,702.0,121.0,162.0,436.0,150.0,44.0,0,266.0,1.0,39.0,293.0,537.0,288.0,346.0,32.0,280.0,32.0,384.0,123.0,505.0,356.0,118.0,434.0,671.0,151.0,20.0,131.0,0.0,8.0,344.0,368.0,69.0,520.0,634.0,50.0,63.0,10.0,351.0,22.0
102,157.0,37.0,313.0,107.0,11.0,176.0,143.0,194.0,29.0,458.0,24.0,381.0,165.0,585.0,111.0,160.0,91.0,321.0,266.0,376.0,429.0,12.0,602.0,75.0,0.0,2.0,236.0,86.0,552.0,321.0,105.0,448.0,78.0,452.0,128.0,58.0,5.0,93.0,150.0,358.0,364.0,0,116.0,0,372.0,533.0,81.0,40.0,335.0,83.0,656.0,1.0,309.0,168.0,431.0,259.0,111.0,235.0,35.0,702.0,121.0,162.0,436.0,150.0,44.0,0,266.0,1.0,39.0,293.0,537.0,288.0,346.0,32.0,280.0,32.0,384.0,123.0,505.0,356.0,118.0,434.0,671.0,151.0,20.0,131.0,0.0,8.0,344.0,368.0,69.0,520.0,634.0,50.0,63.0,10.0,351.0,22.0
103,157.0,37.0,313.0,107.0,11.0,176.0,143.0,194.0,29.0,458.0,24.0,381.0,165.0,585.0,111.0,160.0,91.0,321.0,266.0,376.0,429.0,12.0,602.0,75.0,0.0,2.0,236.0,86.0,552.0,321.0,105.0,448.0,78.0,452.0,128.0,58.0,5.0,93.0,150.0,358.0,364.0,0,116.0,0,372.0,533.0,81.0,40.0,335.0,83.0,656.0,1.0,412.0,168.0,431.0,259.0,111.0,235.0,35.0,702.0,121.0,162.0,436.0,150.0,44.0,0,266.0,1.0,39.0,396.0,537.0,288.0,346.0,32.0,280.0,32.0,384.0,123.0,505.0,356.0,118.0,434.0,671.0,151.0,20.0,131.0,0.0,8.0,344.0,368.0,69.0,520.0,634.0,50.0,63.0,10.0,351.0,22.0
104,157.0,37.0,313.0,107.0,11.0,176.0,143.0,194.0,29.0,458.0,24.0,381.0,165.0,585.0,111.0,160.0,91.0,321.0,266.0,376.0,429.0,12.0,602.0,75.0,0.0,2.0,236.0,86.0,552.0,321.0,105.0,448.0,78.0,452.0,232.0,58.0,5.0,93.0,150.0,358.0,364.0,0,116.0,0,372.0,533.0,81.0,40.0,335.0,83.0,656.0,1.0,412.0,168.0,431.0,259.0,111.0,235.0,35.0,702.0,121.0,162.0,436.0,150.0,44.0,0,266.0,1.0,39.0,500.0,537.0,288.0,346.0,32.0,280.0,32.0,384.0,123.0,505.0,356.0,118.0,434.0,671.0,151.0,20.0,131.0,0.0,8.0,344.0,368.0,69.0,520.0,634.0,50.0,63.0,10.0,351.0,22.0
105,157.0,37.0,313.0,107.0,11.0,176.0,143.0,194.0,29.0,458.0,24.0,381.0,165.0,585.0,111.0,160.0,91.0,321.0,266.0,376.0,429.0,12.0,602.0,75.0,0.0,2.0,236.0,86.0,552.0,321.0,105.0,448.0,78.0,452.0,232.0,58.0,5.0,93.0,150.0,358.0,364.0,0,116.0,0,372.0,533.0,81.0,40.0,335.0,83.0,761.0,1.0,412.0,168.0,431.0,259.0,111.0,235.0,35.0,702.0,121.0,162.0,436.0,150.0,44.0,0,266.0,1.0,39.0,605.0,642.0,288.0,346.0,137.0,280.0,32.0,384.0,123.0,505.0,356.0,118.0,434.0,671.0,151.0,20.0,131.0,0.0,8.0,344.0,368.0,69.0,520.0,634.0,50.0,63.0,10.0,351.0,22.0
106,157.0,37.0,313.0,107.0,11.0,176.0,143.0,194.0,29.0,458.0,24.0,381.0,165.0,585.0,111.0,160.0,91.0,321.0,266.0,376.0,429.0,12.0,602.0,75.0,0.0,2.0,236.0,86.0,552.0,321.0,105.0,448.0,78.0,452.0,232.0,58.0,5.0,93.0,150.0,358.0,364.0,0,116.0,0,372.0,533.0,81.0,40.0,335.0,83.0,761.0,1.0,412.0,168.0,431.0,259.0,111.0,235.0,35.0,702.0,121.0,162.0,436.0,150.0,44.0,0,266.0,1.0,39.0,605.0,642.0,288.0,346.0,137.0,280.0,32.0,384.0,123.0,505.0,356.0,118.0,434.0,671.0,151.0,20.0,131.0,0.0,8.0,344.0,368.0,69.0,520.0,634.0,50.0,63.0,10.0,351.0,22.0
107,157.0,37.0,313.0,107.0,11.0,176.0,143.0,194.0,29.0,458.0,24.0,381.0,165.0,585.0,111.0,160.0,91.0,321.0,266.0,376.0,429.0,12.0,602.0,75.0,0.0,2.0,236.0,86.0,552.0,321.0,105.0,448.0,78.0,559.0,232.0,58.0,5.0,93.0,150.0,358.0,364.0,0,116.0,0,479.0,533.0,81.0,40.0,335.0,83.0,761.0,1.0,412.0,168.0,431.0,259.0,111.0,235.0,35.0,702.0,121.0,162.0,436.0,150.0,44.0,0,266.0,1.0,39.0,605.0,642.0,288.0,346.0,137.0,280.0,32.0,384.0,123.0,505.0,356.0,118.0,434.0,671.0,151.0,20.0,131.0,0.0,8.0,344.0,368.0,69.0,520.0,634.0,50.0,63.0,10.0,351.0,22.0
108,157.0,37.0,313.0,107.0,11.0,176.0,143.0,194.0,29.0,458.0,24.0,381.0,165.0,585.0,111.0,160.0,91.0,321.0,266.0,376.0,429.0,12.0,602.0,75.0,0.0,2.0,236.0,86.0,552.0,429.0,105.0,448.0,78.0,559.0,232.0,58.0,5.0,93.0,150.0,358.0,364.0,0,116.0,0,479.0,533.0,81.0,40.0,443.0,83.0,761.0,1.0,412.0,168.0,431.0,259.0,111.0,235.0,35.0,702.0,121.0,162.0,436.0,150.0,44.0,0,266.0,1.0,39.0,605.0,642.0,288.0,346.0,137.0,388.0,32.0,384.0,123.0,505.0,356.0,118.0,434.0,671.0,151.0,20.0,131.0,0.0,8.0,344.0,368.0,69.0,520.0,634.0,50.0,63.0,10.0,351.0,22.0
109,157.0,37.0,313.0,107.0,11.0,176.0,252.0,194.0,29.0,458.0,24.0,381.0,165.0,585.0,111.0,160.0,91.0,321.0,266.0,376.0,429.0,12.0,602.0,75.0,0.0,2.0,236.0,86.0,552.0,429.0,105.0,448.0,78.0,559.0,232.0,58.0,5.0,93.0,150.0,358.0,364.0,0,116.0,0,588.0,533.0,81.0,40.0,443.0,83.0,761.0,1.0,412.0,168.0,431.0,259.0,111.0,235.0,35.0,702.0,121.0,162.0,436.0,150.0,44.0,0,266.0,1.0,39.0,605.0,642.0,288.0,346.0,246.0,388.0,32.0,384.0,123.0,505.0,465.0,118.0,434.0,671.0,151.0,20.0,131.0,0.0,8.0,344.0,368.0,69.0,520.0,634.0,50.0,63.0,10.0,351.0,22.0
110,157.0,37.0,313.0,107.0,11.0,176.0,361.8,194.0,29.0,458.0,24.0,381.0,165.0,694.8,111.0,160.0,91.0,321.0,375.8,376.0,538.8,12.0,602.0,75.0,0.0,2.0,236.0,86.0,552.0,429.0,105.0,557.8,78.0,668.8,232.0,58.0,5.0,93.0,259.8,358.0,364.0,0,116.0,0,697.8,642.8,81.0,40.0,552.8,83.0,761.0,1.0,521.8,168.0,431.0,368.8,111.0,235.0,35.0,811.8,121.0,162.0,436.0,259.8,153.8,0,266.0,1.0,39.0,605.0,642.0,288.0,346.0,246.0,497.8,32.0,384.0,123.0,505.0,465.0,118.0,543.8,780.8,151.0,20.0,131.0,0.0,8.0,344.0,368.0,69.0,629.8,743.8,50.0,63.0,10.0,460.8,22.0
111,157.0,37.0,313.0,107.0,11.0,176.0,361.8,305.0,29.0,458.0,24.0,381.0,165.0,694.8,111.0,160.0,91.0,321.0,375.8,376.0,538.8,12.0,602.0,75.0,0.0,2.0,236.0,86.0,552.0,429.0,105.0,557.8,78.0,668.8,232.0,58.0,5.0,93.0,369.6,358.0,364.0,0,116.0,0,808.8,753.8,81.0,40.0,552.8,83.0,761.0,1.0,521.8,168.0,431.0,368.8,111.0,235.0,35.0,811.8,121.0,162.0,436.0,259.8,153.8,0,266.0,1.0,39.0,605.0,642.0,288.0,346.0,246.0,497.8,32.0,495.0,123.0,505.0,465.0,118.0,543.8,890.5999999999999,151.0,20.0,131.0,0.0,8.0,344.0,368.0,69.0,629.8,853.5999999999999,50.0,63.0,10.0,460.8,22.0
112,157.0,37.0,313.0,107.0,11.0,176.0,361.8,305.0,29.0,458.0,24.0,381.0,165.0,694.8,111.0,160.0,91.0,321.0,487.8,376.0,538.8,12.0,602.0,75.0,0.0,2.0,236.0,86.0,552.0,429.0,105.0,557.8,78.0,668.8,232.0,58.0,5.0,93.0,369.6,358.0,364.0,0,116.0,0,920.8,753.8,81.0,40.0,552.8,83.0,761.0,1.0,521.8,168.0,431.0,368.8,111.0,235.0,35.0,811.8,121.0,162.0,436.0,259.8,153.8,0,266.0,1.0,39.0,605.0,642.0,288.0,346.0,246.0,497.8,32.0,495.0,123.0,505.0,465.0,118.0,543.8,890.5999999999999,151.0,20.0,131.0,0.0,8.0,344.0,368.0,69.0,629.8,853.5999999999999,50.0,63.0,10.0,460.8,22.0
113,157.0,37.0,313.0,107.0,11.0,176.0,361.8,305.0,29.0,458.0,24.0,381.0,165.0,694.8,111.0,160.0,91.0,321.0,487.8,376.0,538.8,12.0,602.0,75.0,0.0,2.0,236.0,86.0,552.0,429.0,105.0,557.8,78.0,668.8,232.0,58.0,5.0,93.0,369.6,358.0,364.0,0,116.0,0,920.8,753.8,81.0,40.0,552.8,83.0,761.0,1.0,521.8,168.0,431.0,368.8,111.0,235.0,35.0,811.8,121.0,162.0,436.0,259.8,153.8,0,266.0,1.0,39.0,605.0,642.0,288.0,346.0,246.0,497.8,32.0,495.0,123.0,505.0,465.0,118.0,543.8,890.5999999999999,151.0,20.0,131.0,0.0,8.0,344.0,368.0,69.0,629.8,853.5999999999999,50.0,63.0,10.0,460.8,22.0
114,157.0,37.0,313.0,107.0,11.0,176.0,361.8,305.0,29.0,458.0,24.0,381.0,165.0,694.8,111.0,160.0,91.0,321.0,487.8,376.0,538.8,12.0,602.0,75.0,0.0,2.0,236.0,86.0,552.0,429.0,105.0,557.8,78.0,668.8,232.0,58.0,5.0,93.0,369.6,358.0,364.0,0,116.0,0,920.8,753.8,81.0,40.0,552.8,83.0,761.0,1.0,521.8,168.0,431.0,368.8,111.0,235.0,35.0,811.8,121.0,162.0,436.0,259.8,153.8,0,266.0,1.0,39.0,605.0,642.0,288.0,346.0,246.0,497.8,32.0,495.0,123.0,505.0,465.0,118.0,543.8,890.5999999999999,151.0,20.0,131.0,0.0,8.0,344.0,368.0,69.0,629.8,853.5999999999999,50.0,63.0,10.0,460.8,22.0
115,157.0,37.0,313.0,107.0,11.0,176.0,361.8,305.0,29.0,458.0,24.0,381.0,165.0,809.8,111.0,160.0,91.0,321.0,487.8,376.0,653.8,12.0,602.0,75.0,0.0,2.0,236.0,86.0,552.0,429.0,105.0,557.8,78.0,668.8,232.0,58.0,5.0,93.0,369.6,473.0,364.0,0,116.0,0,920.8,753.8,81.0,40.0,552.8,83.0,761.0,1.0,521.8,168.0,431.0,368.8,111.0,235.0,35.0,811.8,121.0,162.0,551.0,259.8,153.8,0,266.0,1.0,39.0,605.0,642.0,288.0,346.0,246.0,612.8,32.0,495.0,123.0,505.0,465.0,118.0,543.8,890.5999999999999,151.0,20.0,131.0,0.0,8.0,344.0,368.0,69.0,744.8,853.5999999999999,50.0,63.0,10.0,460.8,22.0
116,157.0,37.0,313.0,107.0,11.0,176.0,361.8,305.0,29.0,458.0,24.0,381.0,165.0,809.8,111.0,160.0,91.0,321.0,487.8,376.0,653.8,12.0,602.0,75.0,0.0,2.0,236.0,86.0,552.0,429.0,105.0,557.8,194.0,668.8,232.0,58.0,5.0,93.0,369.6,473.0,364.0,0,116.0,0,920.8,753.8,81.0,40.0,552.8,83.0,761.0,1.0,521.8,168.0,431.0,368.8,111.0,235.0,35.0,811.8,121.0,162.0,551.0,259.8,153.8,0,266.0,1.0,39.0,605.0,642.0,288.0,346.0,362.0,612.8,32.0,495.0,123.0,505.0,465.0,118.0,543.8,1006.5999999999999,151.0,20.0,131.0,0.0,8.0,344.0,368.0,69.0,744.8,853.5999999999999,50.0,63.0,10.0,460.8,22.0
117,157.0,37.0,313.0,107.0,11.0,176.0,361.8,305.0,29.0,458.0,24.0,381.0,165.0,809.8,111.0,160.0,91.0,321.0,487.8,376.0,653.8,12.0,602.0,75.0,0.0,2.0,236.0,86.0,552.0,429.0,105.0,557.8,194.0,668.8,232.0,58.0,5.0,93.0,369.6,473.0,364.0,0,116.0,0,920.8,753.8,81.0,40.0,552.8,83.0,761.0,1.0,521.8,168.0,431.0,368.8,111.0,235.0,35.0,811.8,121.0,162.0,551.0,259.8,153.8,0,266.0,1.0,39.0,605.0,642.0,288.0,346.0,362.0,612.8,32.0,495.0,123.0,505.0,465.0,118.0,543.8,1006.5999999999999,151.0,20.0,131.0,0.0,8.0,344.0,368.0,69.0,744.8,853.5999999999999,50.0,63.0,10.0,460.8,22.0
118,157.0,37.0,313.0,107.0,11.0,176.0,361.8,305.0,29.0,458.0,24.0,381.0,165.0,809.8,111.0,160.0,91.0,321.0,487.8,376.0,653.8,12.0,602.0,75.0,0.0,2.0,236.0,86.0,552.0,429.0,105.0,557.8,194.0,668.8,232.0,58.0,5.0,93.0,369.6,473.0,364.0,0,116.0,0,920.8,753.8,81.0,40.0,552.8,83.0,761.0,1.0,521.8,168.0,431.0,368.8,111.0,235.0,35.0,811.8,121.0,162.0,551.0,259.8,153.8,0,266.0,1.0,39.0,605.0,642.0,288.0,346.0,362.0,612.8,32.0,495.0,123.0,505.0,465.0,118.0,543.8,1006.5999999999999,151.0,20.0,131.0,0.0,8.0,344.0,368.0,69.0,744.8,853.5999999999999,50.0,63.0,10.0,460.8,22.0
119,157.0,37.0,313.0,107.0,11.0,176.0,361.8,305.0,29.0,458.0,24.0,381.0,165.0,809.8,111.0,160.0,91.0,321.0,487.8,376.0,653.8,12.0,602.0,75.0,0.0,2.0,236.0,86.0,552.0,429.0,105.0,557.8,194.0,668.8,232.0,58.0,5.0,93.0,369.6,473.0,364.0,0,116.0,0,920.8,753.8,81.0,40.0,552.8,83.0,761.0,1.0,521.8,168.0,431.0,368.8,111.0,235.0,35.0,811.8,121.0,162.0,551.0,259.8,153.8,0,266.0,1.0,39.0,605.0,642.0,288.0,346.0,362.0,612.8,32.0,495.0,123.0,505.0,465.0,118.0,543.8,1006.5999999999999,151.0,20.0,131.0,0.0,8.0,344.0,368.0,69.0,744.8,853.5999999999999,50.0,63.0,10.0,460.8,22.0
120,157.0,37.0,313.0,107.0,11.0,176.0,361.8,305.0,29.0,458.0,24.0,381.0,165.0,809.8,111.0,160.0,91.0,321.0,487.8,376.0,653.8,12.0,602.0,75.0,0.0,2.0,236.0,86.0,552.0,429.0,105.0,557.8,194.0,668.8,232.0,58.0,5.0,93.0,369.6,473.0,364.0,0,116.0,0,920.8,753.8,81.0,40.0,552.8,83.0,761.0,1.0,521.8,168.0,431.0,368.8,111.0,235.0,35.0,811.8,121.0,281.5,551.0,259.8,153.8,0,266.0,1.0,39.0,605.0,642.0,288.0,346.0,362.0,612.8,32.0,495.0,123.0,505.0,465.0,237.5,543.8,1006.5999999999999,151.0,20.0,131.0,0.0,8.0,344.0,368.0,69.0,744.8,853.5999999999999,50.0,63.0,10.0,460.8,22.0
121,157.0,37.0,313.0,107.0,11.0,176.0,361.8,305.0,29.0,458.0,24.0,381.0,165.0,809.8,111.0,160.0,91.0,321.0,487.8,376.0,653.8,12.0,723.0,75.0,0.0,2.0,236.0,86.0,552.0,429.0,105.0,557.8,194.0,668.8,232.0,58.0,5.0,93.0,369.6,473.0,485.0,0,116.0,0,920.8,753.8,81.0,40.0,673.8,83.0,761.0,1.0,521.8,168.0,431.0,368.8,111.0,235.0,35.0,811.8,121.0,281.5,551.0,259.8,153.8,0,266.0,1.0,39.0,605.0,642.0,288.0,346.0,362.0,612.8,32.0,495.0,123.0,505.0,465.0,237.5,543.8,1006.5999999999999,151.0,20.0,131.0,0.0,8.0,344.0,368.0,69.0,744.8,853.5999999999999,50.0,63.0,10.0,460.8,22.0
122,157.0,37.0,313.0,107.0,11.0,176.0,361.8,305.0,29.0,458.0,24.0,381.0,165.0,809.8,111.0,160.0,91.0,321.0,487.8,376.0,653.8,12.0,723.0,75.0,0.0,2.0,236.0,86.0,552.0,429.0,105.0,557.8,194.0,668.8,232.0,58.0,5.0,93.0,369.6,473.0,485.0,0,116.0,0,920.8,753.8,81.0,40.0,673.8,83.0,761.0,1.0,521.8,168.0,431.0,368.8,111.0,235.0,35.0,811.8,121.0,281.5,551.0,259.8,153.8,0,266.0,1.0,39.0,605.0,642.0,288.0,346.0,362.0,612.8,32.0,495.0,123.0,505.0,465.0,237.5,543.8,1006.5999999999999,151.0,20.0,131.0,0.0,8.0,344.0,368.0,69.0,744.8,853.5999999999999,50.0,63.0,10.0,460.8,22.0
123,157.0,37.0,313.0,107.0,11.0,176.0,361.8,305.0,29.0,458.0,24.0,381.0,165.0,809.8,111.0,160.0,91.0,321.0,487.8,376.0,653.8,12.0,723.0,75.0,0.0,2.0,236.0,86.0,552.0,429.0,105.0,557.8,194.0,668.8,232.0,58.0,5.0,216.0,369.6,473.0,485.0,0,116.0,0,1043.8,753.8,81.0,40.0,673.8,83.0,761.0,1.0,521.8,168.0,431.0,368.8,111.0,235.0,35.0,811.8,121.0,281.5,674.0,259.8,153.8,0,266.0,1.0,39.0,605.0,642.0,288.0,469.0,362.0,612.8,32.0,495.0,123.0,505.0,465.0,237.5,543.8,1006.5999999999999,151.0,20.0,131.0,0.0,8.0,344.0,368.0,69.0,744.8,853.5999999999999,50.0,63.0,10.0,460.8,22.0
124,157.0,37.0,313.0,107.0,11.0,176.0,361.8,305.0,29.0,458.0,24.0,381.0,165.0,809.8,111.0,160.0,91.0,321.0,487.8,376.0,653.8,12.0,723.0,75.0,0.0,2.0,236.0,86.0,552.0,429.0,105.0,557.8,194.0,668.8,232.0,58.0,5.0,216.0,369.6,473.0,485.0,0,116.0,0,1043.8,753.8,81.0,40.0,673.8,207.0,761.0,1.0,521.8,168.0,431.0,368.8,111.0,235.0,35.0,811.8,121.0,281.5,674.0,259.8,153.8,0,266.0,1.0,39.0,605.0,642.0,288.0,469.0,362.0,612.8,32.0,495.0,123.0,505.0,465.0,237.5,543.8,1006.5999999999999,151.0,20.0,131.0,0.0,8.0,344.0,368.0,69.0,744.8,853.5999999999999,50.0,63.0,10.0,460.8,22.0
125,157.0,37.0,313.0,107.0,11.0,176.0,361.8,305.0,29.0,458.0,24.0,381.0,165.0,809.8,111.0,160.0,91.0,321.0,487.8,376.0,653.8,12.0,723.0,75.0,0.0,2.0,236.0,86.0,552.0,429.0,105.0,557.8,194.0,668.8,232.0,58.0,5.0,216.0,369.6,473.0,485.0,0,116.0,0,1043.8,753.8,81.0,40.0,673.8,207.0,761.0,1.0,521.8,168.0,431.0,368.8,111.0,235.0,35.0,811.8,121.0,281.5,674.0,259.8,153.8,0,266.0,1.0,39.0,605.0,642.0,288.0,469.0,362.0,612.8,32.0,495.0,123.0,505.0,465.0,237.5,543.8,1006.5999999999999,151.0,20.0,131.0,0.0,8.0,344.0,368.0,69.0,744.8,853.5999999999999,50.0,63.0,10.0,460.8,22.0
126,157.0,37.0,313.0,107.0,11.0,176.0,487.8,305.0,29.0,458.0,24.0,381.0,165.0,809.8,111.0,160.0,91.0,321.0,487.8,376.0,653.8,12.0,723.0,75.0,0.0,2.0,236.0,86.0,552.0,429.0,105.0,557.8,194.0,668.8,232.0,58.0,5.0,216.0,369.6,473.0,485.0,0,116.0,0,1043.8,753.8,81.0,40.0,673.8,207.0,761.0,1.0,647.8,168.0,431.0,368.8,111.0,235.0,35.0,811.8,121.0,281.5,674.0,259.8,153.8,0,266.0,1.0,39.0,605.0,642.0,288.0,469.0,362.0,612.8,32.0,495.0,123.0,505.0,465.0,237.5,543.8,1006.5999999999999,151.0,20.0,131.0,0.0,8.0,344.0,368.0,69.0,744.8,853.5999999999999,50.0,63.0,10.0,460.8,22.0
127,157.0,37.0,313.0,107.0,11.0,176.0,487.8,432.0,29.0,458.0,24.0,381.0,165.0,809.8,111.0,160.0,91.0,321.0,487.8,376.0,653.8,12.0,723.0,75.0,0.0,2.0,236.0,86.0,552.0,429.0,105.0,557.8,194.0,668.8,232.0,58.0,5.0,216.0,369.6,473.0,485.0,0,116.0,0,1043.8,753.8,81.0,40.0,673.8,207.0,761.0,1.0,647.8,168.0,558.0,368.8,111.0,235.0,35.0,811.8,121.0,281.5,674.0,259.8,153.8,0,266.0,1.0,39.0,605.0,642.0,288.0,469.0,362.0,612.8,32.0,495.0,123.0,632.0,465.0,237.5,543.8,1006.5999999999999,151.0,20.0,131.0,0.0,8.0,344.0,368.0,69.0,744.8,980.5999999999999,50.0,63.0,10.0,460.8,22.0
128,157.0,37.0,313.0,107.0,11.0,176.0,487.8,432.0,29.0,458.0,24.0,381.0,165.0,809.8,111.0,160.0,91.0,321.0,487.8,376.0,653.8,12.0,723.0,75.0,0.0,2.0,236.0,86.0,552.0,429.0,105.0,557.8,194.0,668.8,232.0,58.0,5.0,216.0,369.6,473.0,485.0,0,116.0,0,1043.8,753.8,81.0,40.0,673.8,207.0,761.0,1.0,647.8,168.0,558.0,368.8,111.0,235.0,35.0,811.8,121.0,281.5,674.0,259.8,153.8,0,266.0,1.0,39.0,605.0,642.0,288.0,469.0,362.0,612.8,32.0,495.0,123.0,632.0,465.0,237.5,543.8,1006.5999999999999,151.0,20.0,131.0,0.0,8.0,344.0,368.0,69.0,744.8,980.5999999999999,50.0,63.0,10.0,460.8,22.0
129,157.0,37.0,313.0,107.0,11.0,176.0,487.8,432.0,29.0,458.0,24.0,381.0,165.0,809.8,111.0,160.0,91.0,321.0,487.8,376.0,653.8,12.0,723.0,75.0,0.0,2.0,236.0,86.0,552.0,429.0,105.0,557.8,194.0,668.8,232.0,58.0,5.0,216.0,369.6,473.0,485.0,0,116.0,0,1043.8,753.8,81.0,40.0,673.8,207.0,761.0,1.0,647.8,168.0,558.0,368.8,111.0,235.0,35.0,811.8,121.0,281.5,674.0,259.8,153.8,0,266.0,1.0,39.0,605.0,642.0,288.0,469.0,362.0,612.8,32.0,495.0,123.0,632.0,465.0,237.5,543.8,1006.5999999999999,151.0,20.0,131.0,0.0,8.0,344.0,368.0,69.0,744.8,980.5999999999999,50.0,63.0,10.0,460.8,22.0
130,157.0,37.0,313.0,107.0,11.0,176.0,487.8,432.0,29.0,458.0,24.0,381.0,165.0,809.8,111.0,160.0,91.0,321.0,487.8,376.0,653.8,12.0,723.0,75.0,0.0,2.0,236.0,86.0,552.0,429.0,105.0,557.8,194.0,668.8,232.0,58.0,5.0,216.0,369.6,473.0,485.0,0,116.0,0,1043.8,753.8,81.0,40.0,673.8,207.0,761.0,1.0,647.8,168.0,558.0,368.8,111.0,235.0,35.0,811.8,121.0,281.5,674.0,259.8,153.8,0,266.0,1.0,39.0,605.0,642.0,288.0,469.0,362.0,612.8,32.0,495.0,123.0,632.0,465.0,237.5,543.8,1006.5999999999999,151.0,20.0,131.0,0.0,8.0,344.0,368.0,69.0,744.8,1110.6,50.0,63.0,10.0,460.8,22.0
131,157.0,37.0,313.0,107.0,11.0,176.0,487.8,432.0,29.0,458.0,24.0,381.0,165.0,809.8,111.0,160.0,91.0,321.0,487.8,376.0,653.8,12.0,723.0,75.0,0.0,2.0,236.0,86.0,552.0,429.0,105.0,557.8,194.0,668.8,232.0,58.0,5.0,216.0,369.6,473.0,485.0,0,116.0,0,1043.8,753.8,81.0,40.0,673.8,207.0,761.0,1.0,647.8,168.0,558.0,368.8,111.0,235.0,35.0,811.8,121.0,281.5,674.0,259.8,153.8,0,266.0,1.0,39.0,605.0,642.0,288.0,469.0,362.0,612.8,32.0,495.0,123.0,632.0,465.0,237.5,543.8,1006.5999999999999,151.0,20.0,131.0,0.0,8.0,344.0,368.0,69.0,744.8,1110.6,50.0,63.0,10.0,460.8,22.0
132,157.0,37.0,313.0,107.0,11.0,176.0,487.8,432.0,29.0,458.0,24.0,381.0,165.0,809.8,111.0,160.0,91.0,321.0,487.8,376.0,653.8,12.0,723.0,75.0,0.0,2.0,236.0,86.0,552.0,429.0,105.0,557.8,194.0,668.8,232.0,58.0,5.0,216.0,369.6,473.0,485.0,0,116.0,0,1043.8,753.8,81.0,40.0,673.8,207.0,761.0,1.0,647.8,168.0,558.0,368.8,111.0,235.0,35.0,811.8,121.0,281.5,674.0,259.8,153.8,0,266.0,1.0,39.0,605.0,642.0,288.0,469.0,362.0,612.8,32.0,495.0,123.0,632.0,465.0,237.5,543.8,1006.5999999999999,151.0,20.0,131.0,0.0,8.0,344.0,368.0,69.0,744.8,1110.6,50.0,63.0,10.0,460.8,22.0
133,157.0,37.0,313.0,107.0,11.0,176.0,487.8,432.0,29.0,458.0,24.0,381.0,165.0,809.8,111.0,160.0,91.0,321.0,487.8,376.0,653.8,12.0,723.0,75.0,0.0,2.0,236.0,86.0,552.0,429.0,105.0,557.8,194.0,801.3,232.0,58.0,5.0,216.0,369.6,473.0,485.0,0,116.0,0,1043.8,753.8,81.0,40.0,673.8,207.0,761.0,1.0,780.3,168.0,558.0,368.8,111.0,235.0,35.0,811.8,121.0,281.5,674.0,259.8,153.8,0,266.0,1.0,39.0,605.0,642.0,288.0,469.0,362.0,612.8,32.0,495.0,123.0,632.0,465.0,237.5,543.8,1006.5999999999999,151.0,20.0,131.0,0.0,8.0,344.0,368.0,69.0,744.8,1243.1,50.0,63.0,10.0,460.8,22.0
134,157.0,37.0,313.0,107.0,11.0,176.0,487.8,432.0,29.0,458.0,24.0,381.0,165.0,809.8,111.0,160.0,91.0,321.0,487.8,376.0,653.8,12.0,723.0,75.0,0.0,2.0,236.0,86.0,552.0,429.0,105.0,557.8,194.0,801.3,232.0,58.0,5.0,216.0,369.6,473.0,485.0,0,116.0,0,1043.8,753.8,81.0,40.0,673.8,207.0,761.0,1.0,780.3,168.0,558.0,368.8,111.0,235.0,35.0,811.8,121.0,281.5,674.0,259.8,153.8,0,266.0,1.0,39.0,605.0,642.0,288.0,469.0,362.0,612.8,32.0,495.0,123.0,632.0,465.0,237.5,543.8,1006.5999999999999,151.0,20.0,131.0,0.0,8.0,344.0,368.0,69.0,744.8,1375.6,50.0,63.0,10.0,460.8,22.0
135,157.0,37.0,313.0,107.0,11.0,176.0,487.8,432.0,29.0,458.0,24.0,381.0,165.0,809.8,111.0,160.0,91.0,321.0,487.8,376.0,653.8,12.0,723.0,75.0,0.0,2.0,236.0,86.0,552.0,429.0,105.0,557.8,194.0,801.3,367.0,58.0,5.0,216.0,369.6,473.0,485.0,0,116.0,0,1043.8,753.8,81.0,40.0,673.8,207.0,761.0,1.0,780.3,168.0,558.0,368.8,111.0,235.0,35.0,811.8,121.0,281.5,674.0,259.8,153.8,0,266.0,1.0,39.0,605.0,777.0,288.0,469.0,362.0,612.8,32.0,495.0,123.0,632.0,465.0,237.5,543.8,1006.5999999999999,151.0,20.0,131.0,0.0,8.0,344.0,368.0,69.0,744.8,1510.6,50.0,63.0,10.0,460.8,22.0
136,157.0,37.0,313.0,107.0,11.0,176.0,487.8,432.0,29.0,458.0,24.0,381.0,165.0,809.8,111.0,160.0,91.0,321.0,487.8,376.0,653.8,12.0,723.0,75.0,0.0,2.0,236.0,86.0,552.0,429.0,105.0,557.8,194.0,801.3,367.0,58.0,5.0,216.0,369.6,473.0,485.0,0,116.0,0,1043.8,753.8,81.0,40.0,673.8,207.0,761.0,1.0,780.3,168.0,558.0,368.8,111.0,235.0,35.0,811.8,121.0,281.5,674.0,259.8,153.8,0,266.0,1.0,39.0,605.0,777.0,288.0,469.0,362.0,612.8,32.0,495.0,123.0,632.0,465.0,237.5,543.8,1006.5999999999999,151.0,20.0,131.0,0.0,8.0,344.0,368.0,69.0,744.8,1510.6,50.0,63.0,10.0,460.8,22.0
137,157.0,37.0,313.0,107.0,11.0,176.0,487.8,432.0,29.0,458.0,24.0,381.0,165.0,809.8,111.0,160.0,91.0,321.0,487.8,376.0,653.8,12.0,723.0,75.0,0.0,2.0,236.0,86.0,552.0,429.0,105.0,557.8,194.0,801.3,367.0,58.0,5.0,216.0,369.6,473.0,485.0,0,116.0,0,1043.8,753.8,81.0,40.0,673.8,207.0,761.0,1.0,780.3,168.0,558.0,368.8,111.0,235.0,35.0,811.8,121.0,281.5,674.0,259.8,153.8,0,266.0,1.0,39.0,605.0,777.0,288.0,469.0,362.0,612.8,32.0,495.0,123.0,632.0,465.0,237.5,543.8,1006.5999999999999,151.0,20.0,131.0,0.0,8.0,344.0,368.0,69.0,744.8,1510.6,50.0,63.0,10.0,460.8,22.0
138,157.0,37.0,313.0,107.0,11.0,176.0,487.8,432.0,29.0,458.0,24.0,381.0,165.0,809.8,111.0,160.0,91.0,321.0,487.8,376.0,653.8,12.0,723.0,75.0,0.0,2.0,236.0,86.0,552.0,429.0,105.0,557.8,194.0,801.3,367.0,58.0,5.0,216.0,369.6,473.0,485.0,0,116.0,0,1043.8,753.8,81.0,40.0,673.8,207.0,761.0,1.0,780.3,168.0,558.0,368.8,111.0,235.0,35.0,811.8,121.0,281.5,674.0,259.8,153.8,0,266.0,1.0,39.0,605.0,777.0,288.0,469.0,362.0,612.8,32.0,495.0,123.0,632.0,465.0,237.5,543.8,1006.5999999999999,151.0,20.0,131.0,0.0,8.0,344.0,368.0,69.0,744.8,1510.6,50.0,63.0,10.0,460.8,22.0
139,157.0,37.0,313.0,107.0,11.0,176.0,487.8,432.0,29.0,458.0,24.0,381.0,165.0,809.8,111.0,160.0,91.0,321.0,487.8,376.0,653.8,12.0,723.0,75.0,0.0,2.0,236.0,86.0,552.0,429.0,105.0,557.8,194.0,801.3,367.0,58.0,5.0,216.0,369.6,473.0,485.0,0,116.0,0,1043.8,753.8,81.0,40.0,673.8,207.0,761.0,1.0,780.3,168.0,558.0,368.8,111.0,235.0,35.0,811.8,121.0,281.5,674.0,259.8,153.8,0,266.0,1.0,39.0,605.0,777.0,288.0,469.0,362.0,612.8,32.0,495.0,123.0,632.0,465.0,237.5,543.8,1006.5999999999999,151.0,20.0,131.0,0.0,8.0,344.0,368.0,69.0,744.8,1510.6,50.0,63.0,10.0,460.8,22.0
140,157.0,37.0,313.0,107.0,11.0,176.0,487.8,432.0,29.0,458.0,24.0,381.0,165.0,809.8,111.0,160.0,91.0,321.0,487.8,376.0,653.8,12.0,723.0,75.0,0.0,2.0,236.0,86.0,552.0,429.0,105.0,557.8,194.0,801.3,367.0,58.0,5.0,216.0,369.6,473.0,485.0,0,116.0,0,1043.8,753.8,81.0,40.0,813.8,207.0,761.0,1.0,780.3,168.0,558.0,368.8,111.0,235.0,35.0,811.8,121.0,281.5,674.0,259.8,153.8,0,266.0,1.0,39.0,605.0,777.0,288.0,469.0,362.0,612.8,32.0,495.0,123.0,632.0,465.0,237.5,543.8,1006.5999999999999,151.0,20.0,131.0,0.0,8.0,344.0,368.0,69.0,744.8,1510.6,50.0,63.0,10.0,460.8,22.0
141,157.0,37.0,313.0,107.0,11.0,176.0,487.8,432.0,29.0,458.0,24.0,381.0,165.0,809.8,111.0,160.0,91.0,321.0,487.8,376.0,653.8,12.0,723.0,75.0,0.0,2.0,236.0,86.0,552.0,429.0,105.0,557.8,194.0,801.3,367.0,58.0,5.0,216.0,369.6,473.0,485.0,0,116.0,0,1043.8,753.8,81.0,40.0,813.8,207.0,761.0,1.0,780.3,168.0,558.0,368.8,111.0,235.0,35.0,811.8,121.0,281.5,674.0,259.8,153.8,0,266.0,1.0,39.0,605.0,777.0,288.0,469.0,362.0,612.8,32.0,495.0,123.0,632.0,465.0,237.5,543.8,1006.5999999999999,151.0,20.0,131.0,0.0,8.0,344.0,368.0,69.0,744.8,1510.6,50.0,63.0,10.0,460.8,22.0
142,157.0,37.0,313.0,107.0,11.0,176.0,487.8,432.0,29.0,458.0,24.0,381.0,165.0,809.8,111.0,160.0,91.0,321.0,487.8,376.0,653.8,12.0,723.0,75.0,0.0,2.0,236.0,86.0,552.0,429.0,105.0,557.8,194.0,801.3,367.0,58.0,5.0,216.0,369.6,473.0,485.0,0,116.0,0,1043.8,753.8,81.0,40.0,813.8,207.0,761.0,1.0,780.3,168.0,558.0,368.8,111.0,235.0,35.0,811.8,121.0,281.5,674.0,259.8,153.8,0,266.0,1.0,39.0,605.0,777.0,288.0,469.0,362.0,612.8,32.0,495.0,123.0,632.0,465.0,237.5,543.8,1006.5999999999999,151.0,20.0,131.0,0.0,8.0,344.0,368.0,69.0,744.8,1510.6,50.0,63.0,10.0,460.8,22.0
143,157.0,37.0,313.0,107.0,11.0,176.0,487.8,432.0,29.0,458.0,24.0,381.0,165.0,809.8,111.0,160.0,91.0,321.0,487.8,376.0,653.8,12.0,723.0,75.0,0.0,2.0,236.0,86.0,552.0,429.0,105.0,557.8,194.0,801.3,367.0,58.0,5.0,216.0,369.6,473.0,485.0,0,116.0,0,1043.8,753.8,81.0,40.0,813.8,207.0,761.0,1.0,780.3,168.0,558.0,368.8,111.0,235.0,35.0,811.8,121.0,281.5,674.0,259.8,153.8,0,266.0,1.0,39.0,605.0,777.0,288.0,469.0,362.0,612.8,32.0,495.0,123.0,632.0,465.0,237.5,543.8,1006.5999999999999,151.0,20.0,131.0,0.0,8.0,344.0,368.0,69.0,744.8,1510.6,50.0,63.0,10.0,460.8,22.0
144,157.0,37.0,313.0,107.0,11.0,176.0,487.8,432.0,29.0,458.0,24.0,381.0,165.0,809.8,111.0,160.0,91.0,321.0,487.8,376.0,653.8,12.0,723.0,75.0,0.0,2.0,236.0,86.0,552.0,429.0,105.0,557.8,194.0,801.3,367.0,58.0,5.0,216.0,369.6,473.0,485.0,0,116.0,0,1043.8,753.8,81.0,40.0,813.8,207.0,761.0,1.0,780.3,168.0,558.0,368.8,111.0,235.0,35.0,811.8,121.0,281.5,674.0,259.8,153.8,0,266.0,1.0,39.0,605.0,777.0,288.0,469.0,362.0,612.8,32.0,495.0,123.0,632.0,465.0,237.5,543.8,1006.5999999999999,151.0,20.0,131.0,0.0,8.0,344.0,368.0,69.0,744.8,1510.6,50.0,63.0,10.0,460.8,22.0
145,157.0,37.0,313.0,107.0,11.0,176.0,487.8,432.0,29.0,458.0,24.0,381.0,310.0,809.8,111.0,160.0,91.0,321.0,487.8,521.0,653.8,12.0,723.0,75.0,0.0,2.0,236.0,86.0,552.0,429.0,105.0,557.8,194.0,801.3,367.0,58.0,5.0,216.0,369.6,473.0,485.0,0,116.0,0,1043.8,753.8,81.0,40.0,813.8,207.0,761.0,1.0,780.3,168.0,558.0,368.8,111.0,235.0,35.0,811.8,121.0,281.5,674.0,259.8,153.8,0,266.0,1.0,39.0,605.0,777.0,288.0,469.0,362.0,612.8,32.0,495.0,123.0,777.0,465.0,237.5,543.8,1006.5999999999999,151.0,20.0,131.0,0.0,8.0,344.0,368.0,69.0,744.8,1655.6,50.0,63.0,10.0,460.8,22.0
146,157.0,37.0,313.0,107.0,11.0,176.0,487.8,432.0,29.0,458.0,24.0,381.0,310.0,809.8,111.0,160.0,91.0,321.0,487.8,521.0,653.8,12.0,723.0,75.0,0.0,2.0,236.0,86.0,552.0,429.0,105.0,557.8,194.0,801.3,367.0,58.0,5.0,216.0,369.6,473.0,485.0,0,116.0,0,1043.8,753.8,81.0,40.0,813.8,207.0,761.0,1.0,780.3,168.0,558.0,368.8,111.0,235.0,35.0,811.8,121.0,281.5,674.0,259.8,153.8,0,266.0,1.0,39.0,605.0,777.0,288.0,469.0,362.0,612.8,32.0,495.0,123.0,777.0,465.0,237.5,543.8,1006.5999999999999,151.0,20.0,131.0,0.0,8.0,344.0,368.0,69.0,744.8,1655.6,50.0,63.0,10.0,460.8,22.0
147,157.0,37.0,313.0,107.0,11.0,176.0,487.8,432.0,29.0,458.0,24.0,381.0,310.0,809.8,111.0,160.0,91.0,321.0,487.8,521.0,653.8,12.0,723.0,75.0,0.0,2.0,236.0,86.0,552.0,429.0,105.0,557.8,194.0,801.3,367.0,58.0,5.0,216.0,369.6,473.0,485.0,0,116.0,0,1043.8,753.8,81.0,40.0,813.8,207.0,761.0,1.0,780.3,168.0,558.0,368.8,111.0,235.0,35.0,811.8,121.0,281.5,674.0,259.8,153.8,0,266.0,1.0,39.0,605.0,777.0,288.0,469.0,362.0,612.8,32.0,495.0,123.0,777.0,465.0,237.5,543.8,1006.5999999999999,151.0,20.0,131.0,0.0,8.0,344.0,368.0,69.0,744.8,1655.6,50.0,63.0,10.0,460.8,22.0
148,157.0,37.0,313.0,107.0,11.0,176.0,487.8,432.0,29.0,458.0,24.0,381.0,310.0,809.8,111.0,160.0,91.0,321.0,487.8,521.0,653.8,12.0,723.0,75.0,0.0,2.0,236.0,86.0,552.0,429.0,105.0,557.8,194.0,801.3,367.0,58.0,5.0,216.0,369.6,473.0,485.0,0,116.0,0,1043.8,753.8,81.0,40.0,813.8,207.0,761.0,1.0,780.3,168.0,558.0,368.8,111.0,235.0,35.0,811.8,121.0,281.5,674.0,259.8,153.8,0,266.0,1.0,39.0,605.0,777.0,288.0,469.0,362.0,612.8,32.0,495.0,123.0,777.0,465.0,237.5,543.8,1006.5999999999999,151.0,20.0,131.0,0.0,8.0,344.0,368.0,69.0,744.8,1655.6,50.0,63.0,10.0,460.8,22.0
149,157.0,37.0,313.0,107.0,11.0,176.0,487.8,432.0,29.0,458.0,24.0,381.0,310.0,809.8,111.0,160.0,91.0,321.0,487.8,521.0,653.8,12.0,723.0,75.0,0.0,2.0,236.0,86.0,552.0,429.0,105.0,557.8,194.0,801.3,367.0,58.0,5.0,216.0,369.6,473.0,485.0,0,116.0,0,1043.8,753.8,81.0,40.0,813.8,207.0,761.0,1.0,780.3,168.0,558.0,368.8,111.0,235.0,35.0,811.8,121.0,281.5,674.0,259.8,153.8,0,266.0,1.0,39.0,605.0,777.0,288.0,469.0,362.0,612.8,32.0,495.0,123.0,777.0,465.0,237.5,543.8,1006.5999999999999,151.0,20.0,131.0,0.0,8.0,344.0,368.0,69.0,744.8,1655.6,50.0,63.0,10.0,460.8,22.0
150,157.0,37.0,313.0,107.0,11.0,176.0,487.8,432.0,29.0,458.0,24.0,381.0,310.0,809.8,111.0,160.0,91.0,321.0,487.8,521.0,653.8,12.0,723.0,75.0,0.0,2.0,236.0,86.0,702.0,429.0,105.0,557.8,344.0,801.3,367.0,58.0,5.0,216.0,369.6,473.0,485.0,0,116.0,0,1193.8,753.8,81.0,40.0,813.8,207.0,761.0,1.0,780.3,168.0,558.0,368.8,111.0,235.0,35.0,811.8,121.0,281.5,674.0,259.8,153.8,0,266.0,1.0,39.0,605.0,777.0,288.0,469.0,362.0,612.8,32.0,495.0,123.0,777.0,465.0,237.5,543.8,1006.5999999999999,151.0,20.0,131.0,0.0,8.0,344.0,368.0,69.0,744.8,1805.6,50.0,63.0,10.0,460.8,22.0
